"date","party","est","lower","upper"
2023-11-02,"TS.LKD",0.0909392270435785,0.0650041776084521,0.125568491060592
2023-11-02,"LVZS",0.0834686730704799,0.0540030190653098,0.145289801304591
2023-11-02,"LSDP",0.162179657825824,0.109325193979355,0.235349136326515
2023-11-02,"LRLS",0.0559030897362015,0.0416559432682984,0.0744129029129809
2023-11-02,"DP",0.0371225866219797,0.0179567431257139,0.0979150649401707
2023-11-02,"LP",0.0285373367774332,0.0178712335985264,0.0547740322092571
2023-11-02,"LSDDP.LRP",0.0276089736625298,0.0137114383830538,0.072956808003242
2023-11-02,"LLRA.KSS",0.0171379247649899,0.0101087830078947,0.0408881861656763
2023-11-02,"TT.LT",0.0236061706516058,0.0151005394440064,0.0486801966168302
2023-11-02,"VL",0.0774362498686169,0.0473862089575458,0.137242276297196
2023-11-02,"NA.",0.0020136048469688,0.00110790682721188,0.00363194801806293
2023-11-02,"oth",0.352829314630197,0.293544111279161,0.396261787213046
2023-11-09,"TS.LKD",0.0910134337332478,0.0651037478048661,0.125961478955433
2023-11-09,"LVZS",0.0839405346363624,0.054253591965356,0.145956209405263
2023-11-09,"LSDP",0.162551665908127,0.109638618459421,0.236258400166503
2023-11-09,"LRLS",0.0557102593490125,0.0414797121304864,0.0740045720545836
2023-11-09,"DP",0.0372942571747802,0.0180485233186883,0.0976266832695091
2023-11-09,"LP",0.0287433297045746,0.0179543246062454,0.0548546039868621
2023-11-09,"LSDDP.LRP",0.0279614121488198,0.013905946540466,0.0738885919564788
2023-11-09,"LLRA.KSS",0.0170961915009538,0.010091921849556,0.0409393824786206
2023-11-09,"TT.LT",0.0230985843326169,0.014764362757736,0.0478924834829279
2023-11-09,"VL",0.0775526019268837,0.0475238076505088,0.137944341809426
2023-11-09,"NA.",0.00221199111254404,0.00122246386167062,0.00397681731824647
2023-11-09,"oth",0.351560003070599,0.292204980973196,0.39459767627469
2023-11-16,"TS.LKD",0.0911414639151175,0.0651107527174054,0.126007096361827
2023-11-16,"LVZS",0.0842409725097517,0.0546049245716435,0.146847398189133
2023-11-16,"LSDP",0.162968377746162,0.109860950396265,0.236666389855119
2023-11-16,"LRLS",0.0554111994829631,0.041378599076251,0.0736401051449235
2023-11-16,"DP",0.0374857724776796,0.0181527022188338,0.0979364543982006
2023-11-16,"LP",0.0289809250155521,0.018031664996537,0.0552816478823973
2023-11-16,"LSDDP.LRP",0.0282734349542147,0.01406914502602,0.0745394527999842
2023-11-16,"LLRA.KSS",0.0170430747889636,0.010061329632505,0.0408452785196332
2023-11-16,"TT.LT",0.0226707219501314,0.0145251759104555,0.0470027334082795
2023-11-16,"VL",0.0776662473163823,0.0477134357312805,0.13789458288132
2023-11-16,"NA.",0.00246154246239275,0.00137149297805094,0.004410034975015
2023-11-16,"oth",0.350174395779538,0.29113874847455,0.39341083834693
2023-11-23,"TS.LKD",0.0912091816689984,0.065231337183853,0.125982748513557
2023-11-23,"LVZS",0.0845874258918609,0.0548554631622322,0.147643058004364
2023-11-23,"LSDP",0.163257121024852,0.109904372346551,0.236751437123184
2023-11-23,"LRLS",0.0551216276156434,0.0411768686548932,0.0732816414967566
2023-11-23,"DP",0.037648662008709,0.0182871298033991,0.0986390425472634
2023-11-23,"LP",0.0292069018934538,0.0181556654807002,0.0551847063530304
2023-11-23,"LSDDP.LRP",0.0286341560875585,0.0141730606819377,0.0753152542975783
2023-11-23,"LLRA.KSS",0.0170158038036792,0.0100541712134443,0.0408129171623991
2023-11-23,"TT.LT",0.022193819063797,0.0142355544895547,0.045917737988365
2023-11-23,"VL",0.0779257244471987,0.0479018884506713,0.138329560035883
2023-11-23,"NA.",0.00278217115935792,0.00155355479022414,0.00493085868473825
2023-11-23,"oth",0.348773384125091,0.289549135546791,0.391942913433178
2023-11-30,"TS.LKD",0.0912304386777487,0.0653879968628918,0.126049398742126
2023-11-30,"LVZS",0.0851021206990132,0.0550804142210857,0.148833591698975
2023-11-30,"LSDP",0.163560736784515,0.110146296958593,0.236446959164802
2023-11-30,"LRLS",0.0548851808525346,0.0409132494603602,0.0728405941920979
2023-11-30,"DP",0.0379074252717804,0.0184117905065171,0.0992625132530213
2023-11-30,"LP",0.0294298571068071,0.0182303207953404,0.055539323783826
2023-11-30,"LSDDP.LRP",0.0288623768858964,0.0142932585962555,0.0758151029652914
2023-11-30,"LLRA.KSS",0.0169921897566032,0.0100336544916542,0.040777764518999
2023-11-30,"TT.LT",0.021741055686921,0.0138957139991966,0.0449926297731885
2023-11-30,"VL",0.0781454742209945,0.0479558104496389,0.138302952177176
2023-11-30,"NA.",0.00320148014569805,0.00179613025644945,0.00564346783761883
2023-11-30,"oth",0.347303793620747,0.288127168438122,0.390573676715643
2023-12-07,"TS.LKD",0.0913579871552388,0.0653934947794264,0.126261208276807
2023-12-07,"LVZS",0.0854078768041839,0.055198510252319,0.149430850369424
2023-12-07,"LSDP",0.163714669447526,0.110411384345492,0.237115353481368
2023-12-07,"LRLS",0.0546120006046084,0.040710501312125,0.0724796142478557
2023-12-07,"DP",0.0382578908239012,0.0185526252615494,0.0998854241942148
2023-12-07,"LP",0.0296805534823416,0.0183649413826278,0.0559811796002216
2023-12-07,"LSDDP.LRP",0.0291170107009818,0.0143543275717519,0.076676261915732
2023-12-07,"LLRA.KSS",0.0169722233648564,0.0100036665014204,0.0407834563453276
2023-12-07,"TT.LT",0.021328027751813,0.0135471769994856,0.0440598519115266
2023-12-07,"VL",0.0783895222148789,0.0480192115321724,0.138260124381126
2023-12-07,"NA.",0.00375283990924939,0.00211680622139837,0.00656858303810974
2023-12-07,"oth",0.345924711374002,0.287005504061614,0.388969503192111
2023-12-14,"TS.LKD",0.0914848639098617,0.065257812605938,0.12627941999238
2023-12-14,"LVZS",0.08562607996096,0.0552673260304461,0.150289987848295
2023-12-14,"LSDP",0.163744197804788,0.11033785828358,0.238115621657052
2023-12-14,"LRLS",0.0543842948276485,0.0405477175807841,0.0719414859244112
2023-12-14,"DP",0.0386366721759701,0.0186467458287498,0.10079764566294
2023-12-14,"LP",0.0298348712294024,0.0184928176323011,0.0564954660159549
2023-12-14,"LSDDP.LRP",0.0293247296842324,0.0144101487196788,0.0776168109887575
2023-12-14,"LLRA.KSS",0.0169449908870189,0.00996859509757143,0.0404732017086438
2023-12-14,"TT.LT",0.020930964644564,0.0132925478012606,0.0431654735002438
2023-12-14,"VL",0.0786325383788916,0.048253283178302,0.138839439666425
2023-12-14,"NA.",0.00445009920786063,0.00253499125044327,0.00779544424599532
2023-12-14,"oth",0.344445783532862,0.285360048244309,0.387515694848624
2023-12-21,"TS.LKD",0.0916944946649295,0.0654002379472724,0.126186293440066
2023-12-21,"LVZS",0.0857825731022767,0.0553166910749814,0.150140661216687
2023-12-21,"LSDP",0.164092452086984,0.110247329870471,0.238505254917906
2023-12-21,"LRLS",0.0542279124979172,0.0403694337164955,0.0716595755596008
2023-12-21,"DP",0.0389482182936439,0.0188178499372947,0.101871249898229
2023-12-21,"LP",0.0299864688682316,0.0186394963481748,0.0565613105671499
2023-12-21,"LSDDP.LRP",0.0294117500483487,0.0144785364130932,0.0776553241470965
2023-12-21,"LLRA.KSS",0.0168639624936239,0.00994500002913144,0.0402888840621259
2023-12-21,"TT.LT",0.0205158190306746,0.0130052150055734,0.0425180942709954
2023-12-21,"VL",0.078806919972553,0.0482624993375271,0.13905787337821
2023-12-21,"NA.",0.0053830282378878,0.00312856627429082,0.00935463096555689
2023-12-21,"oth",0.342746086076522,0.283903946043657,0.385732638491554
2023-12-28,"TS.LKD",0.0918854499407841,0.0653234947604656,0.126101237311104
2023-12-28,"LVZS",0.0858497653047119,0.0552860571461605,0.150010003244059
2023-12-28,"LSDP",0.164124821229625,0.110698881531689,0.23894832408938
2023-12-28,"LRLS",0.0539938671274497,0.0401420617905089,0.0713263578360901
2023-12-28,"DP",0.0393788449862426,0.0190079089013062,0.102165075094529
2023-12-28,"LP",0.0301320214374285,0.0186827999337569,0.0569760953742392
2023-12-28,"LSDDP.LRP",0.0294175912459071,0.0145293041148026,0.0774479565630933
2023-12-28,"LLRA.KSS",0.0168205173758416,0.00988774388410575,0.0400649235449214
2023-12-28,"TT.LT",0.020138673873193,0.0127550468881684,0.0419386211427235
2023-12-28,"VL",0.078934661497055,0.0483595264609392,0.139126940896906
2023-12-28,"NA.",0.00659269643112072,0.00392701515445145,0.0114095756088752
2023-12-28,"oth",0.341208391134297,0.282427039283505,0.383801184276653
2024-01-04,"TS.LKD",0.0919135698193837,0.0653111704514535,0.126030810259635
2024-01-04,"LVZS",0.0858482921507279,0.0552954222339166,0.149798853390023
2024-01-04,"LSDP",0.16402205532882,0.110523756518274,0.238773381145554
2024-01-04,"LRLS",0.0537926341908056,0.0398939785968764,0.0708486210553418
2024-01-04,"DP",0.039731145429026,0.019200394280733,0.103311765668056
2024-01-04,"LP",0.0302007239046917,0.018756738746409,0.0572170578591832
2024-01-04,"LSDDP.LRP",0.02940769274746,0.0145889717655056,0.0772569835368632
2024-01-04,"LLRA.KSS",0.0167809220257713,0.00984035186807228,0.0398556903387166
2024-01-04,"TT.LT",0.0197700784091595,0.0125153211362579,0.0413491109161922
2024-01-04,"VL",0.0791519648263362,0.0483997614174268,0.139170575914712
2024-01-04,"NA.",0.00811970343695085,0.00484497774769475,0.0141244106412236
2024-01-04,"oth",0.339454394473865,0.281048710824536,0.382163671540045
2024-01-11,"TS.LKD",0.0920442785219696,0.0653015344417979,0.125907241130276
2024-01-11,"LVZS",0.0857550696379803,0.0552007877954967,0.149396078091633
2024-01-11,"LSDP",0.163977374343374,0.110539118581783,0.238483195236954
2024-01-11,"LRLS",0.0535774289880879,0.0397167016543832,0.0704413278212299
2024-01-11,"DP",0.0400988627461604,0.0193011546254051,0.104244611363174
2024-01-11,"LP",0.0302685263879808,0.0188025816122978,0.0572978461993951
2024-01-11,"LSDDP.LRP",0.0292408960521777,0.014503435644555,0.0774292671788215
2024-01-11,"LLRA.KSS",0.0167063745115583,0.00979651772383099,0.0396271635470989
2024-01-11,"TT.LT",0.0194172289246351,0.0123165535073267,0.040402418896582
2024-01-11,"VL",0.0791307938054471,0.0483832140945234,0.139325154069429
2024-01-11,"NA.",0.00997037462497018,0.00604556288695197,0.0175140870446903
2024-01-11,"oth",0.337745610218497,0.279275543509178,0.38039052527371
2024-01-18,"TS.LKD",0.0921353491653408,0.0653245176219634,0.126062643694172
2024-01-18,"LVZS",0.0855984536647124,0.0549688826995636,0.149364708436488
2024-01-18,"LSDP",0.163840189630244,0.110439435284082,0.238545163345866
2024-01-18,"LRLS",0.0533693053353139,0.0395254041811862,0.070204680223627
2024-01-18,"DP",0.0404045853742689,0.0194273238131429,0.105446471197427
2024-01-18,"LP",0.0303096635635354,0.018845594630448,0.0572598902665321
2024-01-18,"LSDDP.LRP",0.0290828821391226,0.0144702657114446,0.0771081539576804
2024-01-18,"LLRA.KSS",0.0166319870543854,0.00975598804118675,0.0396200192470547
2024-01-18,"TT.LT",0.0190648414508048,0.0120523352218033,0.0398884156557728
2024-01-18,"VL",0.0791905882632369,0.0484452513797217,0.139279048294323
2024-01-18,"NA.",0.0122158312671053,0.00739579734109954,0.0217695481984088
2024-01-18,"oth",0.336004547222307,0.277663689084708,0.378371318460965
2024-01-25,"TS.LKD",0.0921544297104287,0.0651628200024842,0.125846232564372
2024-01-25,"LVZS",0.08542077952791,0.0549115485512567,0.149544213036025
2024-01-25,"LSDP",0.163516029657309,0.11041279287637,0.238300251039852
2024-01-25,"LRLS",0.0531358663367481,0.0392417862744454,0.0701036574002336
2024-01-25,"DP",0.0406802077512856,0.019549049671755,0.106541647057467
2024-01-25,"LP",0.030305677709074,0.0188183913513073,0.0569591976262253
2024-01-25,"LSDDP.LRP",0.0289719935714157,0.0144318018029743,0.0764676178795549
2024-01-25,"LLRA.KSS",0.0165605512180326,0.00970243330867509,0.0393772167288366
2024-01-25,"TT.LT",0.018695898455499,0.0118232002474226,0.0392619378744736
2024-01-25,"VL",0.0791315303956809,0.0484271829358885,0.139641125052206
2024-01-25,"NA.",0.0146342193280569,0.00892170455384994,0.026068870331407
2024-01-25,"oth",0.334147651675489,0.27594194213277,0.376553830694754
2024-02-01,"TS.LKD",0.0922228639003575,0.0653784927641379,0.126453130969274
2024-02-01,"LVZS",0.0852386361831075,0.0548039661460355,0.149589880470716
2024-02-01,"LSDP",0.163359788709875,0.110299260435622,0.237646511183927
2024-02-01,"LRLS",0.052957677687487,0.0392258687417252,0.0697692956706354
2024-02-01,"DP",0.0409170700599721,0.0196910051957765,0.107884555660563
2024-02-01,"LP",0.0302848576497901,0.0187840370960099,0.0570274511250612
2024-02-01,"LSDDP.LRP",0.0288402676275086,0.0144588582376995,0.0762259557213326
2024-02-01,"LLRA.KSS",0.016489357677609,0.00966613865958787,0.0392573181793592
2024-02-01,"TT.LT",0.0183833505411211,0.0116273592868589,0.0385808881725335
2024-02-01,"VL",0.0791350172476874,0.0482584915902948,0.13969021594464
2024-02-01,"NA.",0.017167258826995,0.0105227386177435,0.0299246812510093
2024-02-01,"oth",0.332449001845967,0.274694286468412,0.374416212690833
2024-02-08,"TS.LKD",0.0923331162596556,0.065462077334541,0.126365410450309
2024-02-08,"LVZS",0.0850636600581267,0.0546744740503403,0.149121717236349
2024-02-08,"LSDP",0.163110767397738,0.110218697429125,0.236771259069328
2024-02-08,"LRLS",0.0527652101507873,0.0391319814935131,0.0695512478336412
2024-02-08,"DP",0.0411255318511536,0.0197666668641026,0.107749521474949
2024-02-08,"LP",0.0302239119081783,0.0187787312618828,0.0568795239103325
2024-02-08,"LSDDP.LRP",0.0286644322699555,0.0143287343637335,0.0759790908248747
2024-02-08,"LLRA.KSS",0.0164348649924727,0.00962540440442581,0.0392032263533501
2024-02-08,"TT.LT",0.0180672732649358,0.0114304520943484,0.0379125913894451
2024-02-08,"VL",0.0790590121470921,0.0481777203621901,0.139888018023373
2024-02-08,"NA.",0.0196848974960631,0.012172607127335,0.0338684413294415
2024-02-08,"oth",0.330734033961179,0.273222385167743,0.372134574945301
2024-02-15,"TS.LKD",0.0923824309132176,0.0654024049878126,0.126297482217936
2024-02-15,"LVZS",0.0847706995301228,0.0545924219515326,0.148702699214123
2024-02-15,"LSDP",0.16290272832996,0.11008414557865,0.236677034031244
2024-02-15,"LRLS",0.0525752811600237,0.0391635783238602,0.0693593957567462
2024-02-15,"DP",0.0413289658579192,0.0198496706328236,0.10809171802619
2024-02-15,"LP",0.0302319375960172,0.0187612636581723,0.0569207244209157
2024-02-15,"LSDDP.LRP",0.028525410959911,0.0142770269696914,0.07577623804741
2024-02-15,"LLRA.KSS",0.0163562083674396,0.00960461876147736,0.0389600797220038
2024-02-15,"TT.LT",0.0177857480621653,0.0112347471881931,0.0372063641652576
2024-02-15,"VL",0.0790069245034815,0.0480857796820461,0.139392374377838
2024-02-15,"NA.",0.0223300082378208,0.0138819030846847,0.0377593113841973
2024-02-15,"oth",0.329250601909953,0.272005562411506,0.370131368966742
2024-02-22,"TS.LKD",0.0924762309770021,0.0654492656395466,0.126473488474994
2024-02-22,"LVZS",0.0844946909202076,0.054552183344506,0.148344640335559
2024-02-22,"LSDP",0.162708203612754,0.109776272035346,0.235841025037055
2024-02-22,"LRLS",0.0524543957501654,0.0390466945694156,0.0690586126722113
2024-02-22,"DP",0.0415531342833959,0.0199963415275836,0.108305334491162
2024-02-22,"LP",0.0301657333713571,0.0187074812685394,0.0570034475902625
2024-02-22,"LSDDP.LRP",0.0283388197177959,0.0141891076320925,0.0756486000666593
2024-02-22,"LLRA.KSS",0.0163163466360517,0.0096070982236187,0.0389604547247379
2024-02-22,"TT.LT",0.0175260874141975,0.0110581747565966,0.0366177298890251
2024-02-22,"VL",0.078742673844411,0.0479754701538559,0.139307833721264
2024-02-22,"NA.",0.024844286351185,0.015693404974956,0.0415659940314692
2024-02-22,"oth",0.327745127695089,0.270503750602333,0.368404229518724
2024-02-29,"TS.LKD",0.0925418652588258,0.0654949674636418,0.126717528517669
2024-02-29,"LVZS",0.0843105725627409,0.0543290090889279,0.147967558388579
2024-02-29,"LSDP",0.162413122307055,0.109999786624525,0.236071256781297
2024-02-29,"LRLS",0.0523611817986857,0.0389082498851964,0.0688710472951326
2024-02-29,"DP",0.0415403726384117,0.0200888166090713,0.108409795814816
2024-02-29,"LP",0.0301882545120681,0.0187391425656303,0.0569497378692492
2024-02-29,"LSDDP.LRP",0.0281650896941964,0.0141930459322849,0.0750037016718234
2024-02-29,"LLRA.KSS",0.0162939509933538,0.00958233585082546,0.0389481355718433
2024-02-29,"TT.LT",0.0172684800822627,0.0108491284508073,0.0360249452798607
2024-02-29,"VL",0.07866060945297,0.0478739368196427,0.139079492280349
2024-02-29,"NA.",0.0273284712633779,0.0174859685746133,0.0449999271577116
2024-02-29,"oth",0.326597901340895,0.269555077762121,0.366903921908369
2024-03-07,"TS.LKD",0.0926442985851454,0.0655738199267354,0.127103495650048
2024-03-07,"LVZS",0.0839774867249151,0.0542347873015505,0.147320302443036
2024-03-07,"LSDP",0.162309387493575,0.110107056858737,0.235877020775305
2024-03-07,"LRLS",0.052306863009395,0.0388166215288353,0.0688720256257547
2024-03-07,"DP",0.0416049543910997,0.0201691652972692,0.108267372165269
2024-03-07,"LP",0.0301071110174563,0.0187167899718713,0.0572391464801879
2024-03-07,"LSDDP.LRP",0.027942105069858,0.0141546658878441,0.0743554992247294
2024-03-07,"LLRA.KSS",0.0162433027467133,0.00954332438817249,0.0386116810436374
2024-03-07,"TT.LT",0.0170357434204584,0.0106788742103907,0.0355139527510659
2024-03-07,"VL",0.0787020440183872,0.0477909305336378,0.138688920802303
2024-03-07,"NA.",0.0295228947054896,0.0189917457875489,0.0483369841353329
2024-03-07,"oth",0.325280071128884,0.268415103974173,0.365723827577576
2024-03-14,"TS.LKD",0.0928240279936382,0.0654793714098923,0.12708889143512
2024-03-14,"LVZS",0.0837781632356901,0.0540769694721643,0.14663860826175
2024-03-14,"LSDP",0.162131028963516,0.109684963095654,0.235039076879688
2024-03-14,"LRLS",0.0522112874191593,0.0388608488564208,0.0689154481830752
2024-03-14,"DP",0.0416077725156362,0.0200426056892289,0.107619462330389
2024-03-14,"LP",0.0300304927450845,0.0186287041185336,0.0570779961664416
2024-03-14,"LSDDP.LRP",0.0277293819074704,0.0140349440874348,0.0740125535857564
2024-03-14,"LLRA.KSS",0.0162018585903411,0.00953182084938593,0.0382799023967791
2024-03-14,"TT.LT",0.0167765657399486,0.0105356508132974,0.0349583398010745
2024-03-14,"VL",0.0785683188294587,0.0476879135361396,0.138819904986899
2024-03-14,"NA.",0.0319540626651649,0.0207836727827508,0.0517301276651387
2024-03-14,"oth",0.324302283816402,0.267286495606514,0.364413326793264
2024-03-21,"TS.LKD",0.0929980176687555,0.0655915076120534,0.127358526765554
2024-03-21,"LVZS",0.0833552144863629,0.0538863232253255,0.146357169250574
2024-03-21,"LSDP",0.161641392921544,0.109290673685838,0.235086729449306
2024-03-21,"LRLS",0.0521027951557361,0.0387862304213469,0.0688057449460382
2024-03-21,"DP",0.041483047447747,0.0200705367540048,0.107169658280067
2024-03-21,"LP",0.0299733389695869,0.0185583002674505,0.056847321110994
2024-03-21,"LSDDP.LRP",0.0275585323827143,0.0139829849013614,0.0733891642655294
2024-03-21,"LLRA.KSS",0.0161532373495574,0.00949752173486188,0.0381294582114485
2024-03-21,"TT.LT",0.016530973772352,0.0104079865613479,0.0345092461545024
2024-03-21,"VL",0.0783896476479394,0.0476364258317346,0.138808930366702
2024-03-21,"NA.",0.0346257900492959,0.0225099743635465,0.0557674901883443
2024-03-21,"oth",0.32298720704058,0.26619239834528,0.362811164400511
2024-03-28,"TS.LKD",0.0930629601747393,0.065697268794909,0.127678063359807
2024-03-28,"LVZS",0.0829268237212787,0.0537356623602801,0.145876305524986
2024-03-28,"LSDP",0.161330932775458,0.109340444414184,0.234034207833111
2024-03-28,"LRLS",0.0520405531338873,0.0386573349487192,0.0685648882134302
2024-03-28,"DP",0.0411311919037857,0.0199560898768492,0.107602286485754
2024-03-28,"LP",0.0298442554393559,0.0185410564166697,0.0566266527921873
2024-03-28,"LSDDP.LRP",0.0273626524177198,0.0139244019448729,0.0733469600403134
2024-03-28,"LLRA.KSS",0.01608052136697,0.00944007758982003,0.0379240549144802
2024-03-28,"TT.LT",0.0163069416547799,0.0102374633637668,0.0339842498950756
2024-03-28,"VL",0.0781114976181817,0.0475618513745189,0.138806564833146
2024-03-28,"NA.",0.0377446151178709,0.0245815712324745,0.0606725656675329
2024-03-28,"oth",0.321607285182178,0.265303042750175,0.361479394097597
2024-04-04,"TS.LKD",0.0930466882428473,0.065954720920859,0.127655965945503
2024-04-04,"LVZS",0.0824418633140355,0.0534798831498256,0.144896791067282
2024-04-04,"LSDP",0.160665269274875,0.10918404419584,0.233625508326504
2024-04-04,"LRLS",0.0519840858507129,0.0385769374359087,0.0684062625468578
2024-04-04,"DP",0.0407594302920723,0.019746564920864,0.106502735919806
2024-04-04,"LP",0.0296476303210074,0.0185205653459315,0.0563911058816258
2024-04-04,"LSDDP.LRP",0.0271762665851165,0.0137776382402609,0.0726406594152632
2024-04-04,"LLRA.KSS",0.0160091552160003,0.00942824034687421,0.0377198595535509
2024-04-04,"TT.LT",0.0160806193049357,0.0101076950078437,0.0335691290927942
2024-04-04,"VL",0.0779215118942842,0.0473782285148589,0.138352848093233
2024-04-04,"NA.",0.0415062937314999,0.0270937609622956,0.0669918578262978
2024-04-04,"oth",0.319969647389218,0.264204793348931,0.35976097836748
2024-04-11,"TS.LKD",0.092952657081102,0.0659290205154543,0.127792252934893
2024-04-11,"LVZS",0.0818809941984124,0.0528439452334804,0.144058036133863
2024-04-11,"LSDP",0.160055577236926,0.108712932002054,0.233138901671877
2024-04-11,"LRLS",0.0518089656431178,0.0384400552625786,0.0683689012070908
2024-04-11,"DP",0.0402947766901471,0.0194012715321836,0.104997075876301
2024-04-11,"LP",0.0294645341673973,0.0184793276510085,0.0564280601406723
2024-04-11,"LSDDP.LRP",0.0270027393816183,0.0136838691429451,0.072162455561859
2024-04-11,"LLRA.KSS",0.0159312936688672,0.00941575656616115,0.0375335342014403
2024-04-11,"TT.LT",0.0158591897549213,0.00995432847355564,0.0331263119675963
2024-04-11,"VL",0.0776375736229029,0.0472435841991054,0.137953449260771
2024-04-11,"NA.",0.0459317973086691,0.0300634802496312,0.0739188591266494
2024-04-11,"oth",0.318172400127618,0.262836612106133,0.358038225347574
2024-04-18,"TS.LKD",0.092889047021471,0.0658185804202754,0.127944172160034
2024-04-18,"LVZS",0.0812610085959246,0.0523255893770497,0.142792521685179
2024-04-18,"LSDP",0.159284872454337,0.108029442621893,0.232633837689348
2024-04-18,"LRLS",0.0516849996496777,0.0382799138049022,0.0681390760893466
2024-04-18,"DP",0.0398078899787176,0.0191571521749421,0.104104696682858
2024-04-18,"LP",0.0292613203196796,0.0183230030382944,0.0558150884988984
2024-04-18,"LSDDP.LRP",0.0268324798872827,0.0136036971227395,0.0716413748964338
2024-04-18,"LLRA.KSS",0.0158428645928256,0.00935299460477795,0.037406599644944
2024-04-18,"TT.LT",0.0156262716761792,0.00983179357979932,0.0325612654454937
2024-04-18,"VL",0.0772391871448923,0.0471451827711626,0.137562154197959
2024-04-18,"NA.",0.0509507453227568,0.0335814105610409,0.082234555405944
2024-04-18,"oth",0.316392734944062,0.261067041395275,0.356068692322822
2024-04-26,"TS.LKD",0.0926937362679414,0.0657455010670777,0.127881275240586
2024-04-26,"LVZS",0.0805287385868182,0.0519204963098765,0.14180041984327
2024-04-26,"LSDP",0.158575836349384,0.107287406009304,0.231512553534857
2024-04-26,"LRLS",0.0515111669544498,0.0380985255809227,0.0677511770543524
2024-04-26,"DP",0.0392002782633858,0.0188382635483796,0.102564368002709
2024-04-26,"LP",0.029040633244078,0.0181921082192102,0.0554375440908258
2024-04-26,"LSDDP.LRP",0.0266262436754401,0.0135319524146454,0.071213208396182
2024-04-26,"LLRA.KSS",0.0157671178347984,0.0092957032678704,0.0372883852147348
2024-04-26,"TT.LT",0.0154027140475013,0.00966661731739486,0.0320592584525734
2024-04-26,"VL",0.0769052792587631,0.0470604358235155,0.137607861507152
2024-04-26,"NA.",0.05633781036266,0.0373752997900615,0.090276015647619
2024-04-26,"oth",0.314287195581914,0.259304421728258,0.353852398576203
2024-05-03,"TS.LKD",0.0926205925333993,0.065774434302954,0.128049348787479
2024-05-03,"LVZS",0.0797103585391173,0.0515251395818224,0.140392500548557
2024-05-03,"LSDP",0.15775489280734,0.10671969302062,0.230439561375804
2024-05-03,"LRLS",0.0513583555694941,0.0379244377096981,0.0675679235936748
2024-05-03,"DP",0.0384635606951964,0.0184241416176868,0.101074052043162
2024-05-03,"LP",0.0288360820160528,0.0181204640989821,0.0551202682960366
2024-05-03,"LSDDP.LRP",0.0264246241009076,0.0134025691600727,0.0708146719281674
2024-05-03,"LLRA.KSS",0.0156838188776346,0.00925081933393197,0.0370515345595905
2024-05-03,"TT.LT",0.0151924250878525,0.0095433619584466,0.0316057661244675
2024-05-03,"VL",0.0765150122647893,0.0468235265490617,0.136703600596993
2024-05-03,"NA.",0.0618722637613535,0.041145371904191,0.0993558852258559
2024-05-03,"oth",0.31232504193269,0.257747403617766,0.351587562433734
2024-05-10,"TS.LKD",0.0925818349632252,0.0655976220498153,0.127725918508823
2024-05-10,"LVZS",0.0791051872262122,0.0511549872377997,0.138889390623795
2024-05-10,"LSDP",0.156876812455058,0.106216514303545,0.229104182905792
2024-05-10,"LRLS",0.0512039504051953,0.0378202201688231,0.0673410743994877
2024-05-10,"DP",0.0377403185064544,0.0179630065362626,0.099824671256946
2024-05-10,"LP",0.0286150258270527,0.0179557059204983,0.0547247073061458
2024-05-10,"LSDDP.LRP",0.0261902418832438,0.0133212392221832,0.0698232680754785
2024-05-10,"LLRA.KSS",0.0156116623945341,0.00920629338973064,0.0368551993270735
2024-05-10,"TT.LT",0.0149973156852501,0.0094107448300859,0.031179332493488
2024-05-10,"VL",0.0762141822382858,0.0466146281624237,0.136153042954764
2024-05-10,"NA.",0.0674314799499922,0.0445251998440334,0.107616947566084
2024-05-10,"oth",0.310197780231665,0.256121656950912,0.349204660721464
2024-05-17,"TS.LKD",0.0926138508563882,0.0655856285239913,0.127437720488347
2024-05-17,"LVZS",0.0784846318423807,0.0507405058486315,0.138225906171088
2024-05-17,"LSDP",0.156130966629724,0.10577268117318,0.227730047979172
2024-05-17,"LRLS",0.051043225214047,0.0376463205855403,0.0672501425266145
2024-05-17,"DP",0.0369865554587472,0.0176125635183955,0.09719237576806
2024-05-17,"LP",0.0284587024477464,0.0178035375879158,0.0542376001091947
2024-05-17,"LSDDP.LRP",0.0260157998433624,0.0132337464761516,0.0687359687280709
2024-05-17,"LLRA.KSS",0.0155400687357104,0.00912643623390891,0.0366133505818698
2024-05-17,"TT.LT",0.0148126249521814,0.00923806408804427,0.0307745643759216
2024-05-17,"VL",0.0759557549268398,0.0465302472088706,0.135633691688218
2024-05-17,"NA.",0.0723735354569279,0.047956932953346,0.115766162040269
2024-05-17,"oth",0.308407610185998,0.25484679982992,0.347189320238256
2024-05-24,"TS.LKD",0.0927753020262186,0.0656168647276173,0.127577731264983
2024-05-24,"LVZS",0.0779608339277684,0.0502030108094273,0.136702164225852
2024-05-24,"LSDP",0.155643892148596,0.105307247036588,0.226970434238959
2024-05-24,"LRLS",0.0509834851567342,0.037628762171952,0.0673058466559018
2024-05-24,"DP",0.0361707750217296,0.0172276891053381,0.0955587404890591
2024-05-24,"LP",0.0282627162156855,0.017703400065237,0.0539283627909127
2024-05-24,"LSDDP.LRP",0.0258292289944688,0.0131363370784873,0.0682201948387107
2024-05-24,"LLRA.KSS",0.0155131973505901,0.00906912388187094,0.0364447898073123
2024-05-24,"TT.LT",0.0146370164644241,0.00912847425318617,0.0304483517498372
2024-05-24,"VL",0.0758125756559919,0.0464221276657291,0.135684136406209
2024-05-24,"NA.",0.076282813242235,0.0506161262382586,0.121585785649009
2024-05-24,"oth",0.307028503740892,0.252923649460056,0.345763798078066
2024-05-31,"TS.LKD",0.092967404966451,0.0656817866910479,0.127995888169841
2024-05-31,"LVZS",0.0775490925486957,0.0498484101313099,0.135735986298821
2024-05-31,"LSDP",0.155451948174927,0.105061638765391,0.226964757023871
2024-05-31,"LRLS",0.0510204747453843,0.0376742202989358,0.0673534460594988
2024-05-31,"DP",0.0353358711211971,0.0168124467900826,0.0933431905878452
2024-05-31,"LP",0.0281596452735707,0.0176123079152577,0.0537936525756446
2024-05-31,"LSDDP.LRP",0.0257031262509804,0.0130259319925181,0.0682257192831931
2024-05-31,"LLRA.KSS",0.0154898959258057,0.00906745741096443,0.0363633969814917
2024-05-31,"TT.LT",0.0145051710798856,0.00906887313155632,0.0301985853077175
2024-05-31,"VL",0.0760542406173734,0.0464935393276766,0.135313300279942
2024-05-31,"NA.",0.0790241450786363,0.0527345622034792,0.125774873707192
2024-05-31,"oth",0.306345874076463,0.252346081796639,0.344974596223981
2024-06-07,"TS.LKD",0.0932180971027928,0.065933224327916,0.128479591389779
2024-06-07,"LVZS",0.0771296934695752,0.0495832646153098,0.135000828028916
2024-06-07,"LSDP",0.155331578748823,0.105035973755624,0.226438989965305
2024-06-07,"LRLS",0.0510774688864574,0.0378031149146683,0.0675810259891251
2024-06-07,"DP",0.0345589110371681,0.016520247120075,0.0916975067758312
2024-06-07,"LP",0.0280403877919848,0.0175407244885175,0.0535344526516103
2024-06-07,"LSDDP.LRP",0.0256016495868164,0.0129724624028895,0.0676362815397221
2024-06-07,"LLRA.KSS",0.0154632025313046,0.00905693134274735,0.0363338451876279
2024-06-07,"TT.LT",0.0143951763477591,0.00900888746770639,0.0300367997049937
2024-06-07,"VL",0.0763590968679588,0.0465140850022636,0.135668070857139
2024-06-07,"NA.",0.0807619945391736,0.0542675688762879,0.128242456835986
2024-06-07,"oth",0.305776656569823,0.252122444533603,0.344659346098399
2024-06-14,"TS.LKD",0.0936386401779358,0.0663208558593727,0.128829438715649
2024-06-14,"LVZS",0.0769240954699342,0.0494056285320611,0.134872936655455
2024-06-14,"LSDP",0.155453069949631,0.105177001798737,0.226352323489211
2024-06-14,"LRLS",0.0512640369337129,0.0379575580014439,0.0677566168771478
2024-06-14,"DP",0.0338430420262051,0.0160694073795194,0.0897141430529985
2024-06-14,"LP",0.0279033591072925,0.0173919734528128,0.0534127689130992
2024-06-14,"LSDDP.LRP",0.0255076666608137,0.0128747613401535,0.0674277569566313
2024-06-14,"LLRA.KSS",0.015466206223877,0.0090275624056601,0.0363596288280446
2024-06-14,"TT.LT",0.0143027628659891,0.00897007304244748,0.0299311974398126
2024-06-14,"VL",0.0765445881940905,0.0466326275635595,0.13642106922068
2024-06-14,"NA.",0.0813934155593007,0.0546634011466613,0.128017368962261
2024-06-14,"oth",0.305621178832228,0.252052206967851,0.344446439550741
2024-06-21,"TS.LKD",0.0941908410896307,0.0666995809109599,0.129525751592474
2024-06-21,"LVZS",0.0767014236089146,0.0493947812521415,0.134792846107531
2024-06-21,"LSDP",0.155766882300885,0.105288668391027,0.226621351344501
2024-06-21,"LRLS",0.0515459794028905,0.0380933389824271,0.068209604883146
2024-06-21,"DP",0.0330780053757819,0.0157101060537075,0.087902963603555
2024-06-21,"LP",0.0278302797262443,0.0173299628682799,0.0533282830553247
2024-06-21,"LSDDP.LRP",0.0253922011639322,0.0128334928246238,0.0670734125745033
2024-06-21,"LLRA.KSS",0.0154540304354732,0.00903972542361904,0.0364478706673471
2024-06-21,"TT.LT",0.0142524852151729,0.00890983834251846,0.0296078588128887
2024-06-21,"VL",0.0770010294581672,0.0468427445804408,0.136890914061711
2024-06-21,"NA.",0.0812104821522302,0.0548608457809056,0.128000105059404
2024-06-21,"oth",0.306004028990919,0.252483577449269,0.344657561503997
2024-06-28,"TS.LKD",0.094652630623426,0.0672378497696335,0.130228228148337
2024-06-28,"LVZS",0.0765709280799983,0.049200537063996,0.134393150498048
2024-06-28,"LSDP",0.15602067402626,0.105514089535343,0.227112554691321
2024-06-28,"LRLS",0.0517777811673749,0.0383372425643181,0.0686863735474083
2024-06-28,"DP",0.032243811754062,0.0153872205059999,0.085977211322943
2024-06-28,"LP",0.0278100784401006,0.0172806482039478,0.0532713909354601
2024-06-28,"LSDDP.LRP",0.0253746391990257,0.0127554487463943,0.0665008338690119
2024-06-28,"LLRA.KSS",0.0154966528734934,0.00906432851778447,0.0366551913228861
2024-06-28,"TT.LT",0.0141789259718698,0.00889997087210146,0.0296486810251078
2024-06-28,"VL",0.0775632151992057,0.0471832258671709,0.137581011847667
2024-06-28,"NA.",0.0808513444425862,0.0546059035503998,0.126690373669252
2024-06-28,"oth",0.306360595481796,0.253209367608761,0.344960251411493
2024-07-05,"TS.LKD",0.0951479947309783,0.0676815310298218,0.131042588750925
2024-07-05,"LVZS",0.0764735343543749,0.0491987649846241,0.133978596518897
2024-07-05,"LSDP",0.15621251000013,0.105682498792882,0.227631675453212
2024-07-05,"LRLS",0.0519492649510038,0.0385255619556188,0.0692512772837108
2024-07-05,"DP",0.0314701993651836,0.0149163818591345,0.0837531974966763
2024-07-05,"LP",0.0276641820359726,0.0171613871118979,0.0535244072650094
2024-07-05,"LSDDP.LRP",0.0252488724531383,0.0127026723280487,0.0663756629782556
2024-07-05,"LLRA.KSS",0.0155558808038482,0.00908831916615736,0.0368517336225435
2024-07-05,"TT.LT",0.0141197575793971,0.00887660514431621,0.0295221695615673
2024-07-05,"VL",0.0780247180306896,0.0476680928494821,0.138262022416215
2024-07-05,"NA.",0.0806891381255071,0.0542907246945776,0.126083246094453
2024-07-05,"oth",0.306775725612187,0.253731233933762,0.345406893090487
2024-07-12,"TS.LKD",0.0956518316397613,0.0680502821447235,0.131750807407791
2024-07-12,"LVZS",0.0761934284225523,0.0490834426475251,0.133869729418196
2024-07-12,"LSDP",0.156423514971365,0.105940669936265,0.227763633560618
2024-07-12,"LRLS",0.0521184988921876,0.0387756766939283,0.0694199914838917
2024-07-12,"DP",0.0306256057738294,0.0146132826650107,0.0819107782265503
2024-07-12,"LP",0.0275581185794287,0.0170651368239725,0.0531089585644241
2024-07-12,"LSDDP.LRP",0.025166849686816,0.0126123594937734,0.0662528751768303
2024-07-12,"LLRA.KSS",0.0155742444602042,0.00909160808921205,0.0369859757995968
2024-07-12,"TT.LT",0.0140705481670967,0.00881702261707221,0.029330995355796
2024-07-12,"VL",0.07837037647956,0.047924169787526,0.139152196238961
2024-07-12,"NA.",0.0808668366576614,0.0539514513436641,0.125762950259221
2024-07-12,"oth",0.307013722726945,0.253828715194849,0.345176897730452
2024-07-19,"TS.LKD",0.0960005754379553,0.0683969107155592,0.132685744908482
2024-07-19,"LVZS",0.0758621629540437,0.0489079512985559,0.133435126605809
2024-07-19,"LSDP",0.156276399550192,0.105939369964296,0.228200990952719
2024-07-19,"LRLS",0.0522738357672455,0.0390593322810015,0.0696275290464476
2024-07-19,"DP",0.0297162634246544,0.0141648894783565,0.0800351474891494
2024-07-19,"LP",0.0273487892714633,0.0169125873638233,0.0526878804638481
2024-07-19,"LSDDP.LRP",0.0249632008671452,0.0125268685295592,0.0661057646193143
2024-07-19,"LLRA.KSS",0.0155661582742195,0.00909138547805735,0.0370940578255887
2024-07-19,"TT.LT",0.0140174503663055,0.00876725884072632,0.0292582205633528
2024-07-19,"VL",0.0788330960361196,0.0481900496315778,0.139756871461269
2024-07-19,"NA.",0.0815987622030359,0.0544129950881471,0.127825566540403
2024-07-19,"oth",0.306718226546034,0.253390094194722,0.344687287074897
2024-07-26,"TS.LKD",0.0962844684192989,0.068438545846555,0.133117198393102
2024-07-26,"LVZS",0.0755575556388139,0.0486588838658992,0.132982716985866
2024-07-26,"LSDP",0.156191776889668,0.106198515810411,0.227659340288901
2024-07-26,"LRLS",0.0524565915126969,0.0390408140608435,0.0696851587822185
2024-07-26,"DP",0.0287719093186867,0.0137005040413511,0.0777227450102553
2024-07-26,"LP",0.0271556562148897,0.0167416433452275,0.0524615002502197
2024-07-26,"LSDDP.LRP",0.024772825455296,0.0124238281646734,0.0658714366126766
2024-07-26,"LLRA.KSS",0.0155890460970497,0.00911098769261654,0.0371498640024517
2024-07-26,"TT.LT",0.0139705309228786,0.0087261231506998,0.0290678254349236
2024-07-26,"VL",0.0791232644840155,0.0483503289638737,0.140359559315582
2024-07-26,"NA.",0.0831017509758428,0.0559571719329617,0.130030277578462
2024-07-26,"oth",0.306409594372284,0.253409343461098,0.344111648130264
2024-08-02,"TS.LKD",0.0965178331430181,0.0686245787178414,0.13368979563267
2024-08-02,"LVZS",0.0752081533138607,0.048462287039588,0.132663981008788
2024-08-02,"LSDP",0.156005047174907,0.106026974787078,0.228489293682514
2024-08-02,"LRLS",0.0526064528929719,0.039302387723676,0.0697312285431287
2024-08-02,"DP",0.0278766451228271,0.0133086636747384,0.075284626564299
2024-08-02,"LP",0.026949329358299,0.0165938178310229,0.0524768579613014
2024-08-02,"LSDDP.LRP",0.0245438858069561,0.0122819632606368,0.0653373692205606
2024-08-02,"LLRA.KSS",0.0155773160334651,0.00914141426683858,0.0372361369574924
2024-08-02,"TT.LT",0.0139337351470821,0.00870241054576773,0.0290415466398937
2024-08-02,"VL",0.0795091943689888,0.0486701433216472,0.141452784296723
2024-08-02,"NA.",0.0844769049467466,0.0568985698035589,0.13187141393081
2024-08-02,"oth",0.306084553756077,0.253448794818739,0.343917797582018
2024-08-09,"TS.LKD",0.0966796474298538,0.0687586757528585,0.133888422088029
2024-08-09,"LVZS",0.0746892313073642,0.0483374096840058,0.131954974562613
2024-08-09,"LSDP",0.155776724896325,0.105571214440301,0.228508581813614
2024-08-09,"LRLS",0.0527477157623521,0.0394935268597615,0.0701197214538358
2024-08-09,"DP",0.0268787400885221,0.0128452470237791,0.0725362484542844
2024-08-09,"LP",0.0266998004056071,0.0164389220791347,0.0517885478829517
2024-08-09,"LSDDP.LRP",0.0242995579573786,0.0121472769830071,0.0647532787557544
2024-08-09,"LLRA.KSS",0.0155689722639936,0.00916351873781796,0.0372392853423319
2024-08-09,"TT.LT",0.0138865688506443,0.00866278155953018,0.0289534645976969
2024-08-09,"VL",0.0798403850987522,0.0489063363817089,0.142449690094282
2024-08-09,"NA.",0.0867224036453786,0.0580267223870611,0.134616885177887
2024-08-09,"oth",0.305385286830258,0.253254635279773,0.343012833259092
2024-08-16,"TS.LKD",0.0968658291724001,0.0689426683687646,0.134122877079949
2024-08-16,"LVZS",0.0741999644064341,0.0479066725589429,0.130930898533913
2024-08-16,"LSDP",0.155194313038928,0.105206268150836,0.228387666194854
2024-08-16,"LRLS",0.0528210619227836,0.0394813156039044,0.0703315346996421
2024-08-16,"DP",0.0258713328504211,0.0123621914030114,0.0697592687701294
2024-08-16,"LP",0.0263882231603631,0.0162615716928051,0.0510583942989336
2024-08-16,"LSDDP.LRP",0.0239928396588041,0.0120016977134046,0.0636510377098638
2024-08-16,"LLRA.KSS",0.0155456803309324,0.00914113615991225,0.0371827005889934
2024-08-16,"TT.LT",0.0138171866227614,0.00865469666022626,0.028806329110339
2024-08-16,"VL",0.0799808569912116,0.0491679761937092,0.142989465991608
2024-08-16,"NA.",0.0892931492439398,0.0598707037493526,0.13877561045116
2024-08-16,"oth",0.304637226582193,0.252234838351325,0.342366652378964
2024-08-23,"TS.LKD",0.096917340998778,0.0690701418471397,0.134196397748624
2024-08-23,"LVZS",0.0737627143837343,0.047442597213003,0.129686066419449
2024-08-23,"LSDP",0.154741993477552,0.104738557977956,0.22748631938066
2024-08-23,"LRLS",0.0528994186331681,0.0396452585514959,0.0705285188319137
2024-08-23,"DP",0.0249382806999116,0.0118458829930101,0.0675525658281614
2024-08-23,"LP",0.0260518066314282,0.0160676956345831,0.0508421875749554
2024-08-23,"LSDDP.LRP",0.0236900823701857,0.0118199840872036,0.0631191037170359
2024-08-23,"LLRA.KSS",0.0155024337109923,0.00914674834739934,0.0370251194475347
2024-08-23,"TT.LT",0.0137610580654072,0.00859590425120083,0.0285910433435391
2024-08-23,"VL",0.0801997257496321,0.0493216021962661,0.143368016935033
2024-08-23,"NA.",0.0927121319481328,0.0623974000841101,0.14417659416452
2024-08-23,"oth",0.303759557943198,0.251181552287744,0.34172632384028
2024-08-30,"TS.LKD",0.0969268357365715,0.0690683311838991,0.134125958890954
2024-08-30,"LVZS",0.073272591302745,0.047089311195898,0.128974176889702
2024-08-30,"LSDP",0.15425311875155,0.104226933932701,0.225912501763154
2024-08-30,"LRLS",0.0528390101877429,0.0397067422547953,0.0703543202341625
2024-08-30,"DP",0.0239595621442611,0.0114346593395299,0.0649175306002133
2024-08-30,"LP",0.0256527725951291,0.0158663016139722,0.0501014775439894
2024-08-30,"LSDDP.LRP",0.0232949304248576,0.0116302716003565,0.0624105538287056
2024-08-30,"LLRA.KSS",0.0154427460545329,0.00912283594488003,0.0368474034847384
2024-08-30,"TT.LT",0.0136898874290474,0.00857462401717012,0.0283900233683804
2024-08-30,"VL",0.0804340631472839,0.0494642650212924,0.143569752570291
2024-08-30,"NA.",0.09660955906934,0.0654959477833809,0.149744537452014
2024-08-30,"oth",0.30255486527607,0.250334116801221,0.340656054608504
2024-09-06,"TS.LKD",0.0968537650304937,0.0690263519165236,0.134240763552271
2024-09-06,"LVZS",0.0726044070836371,0.0467779401205213,0.128014244908008
2024-09-06,"LSDP",0.153306777911278,0.103541013370309,0.224228851338118
2024-09-06,"LRLS",0.0528468370414861,0.0396056773228825,0.070415409728714
2024-09-06,"DP",0.0231006542247441,0.0109632324766277,0.0629633525579276
2024-09-06,"LP",0.0252567168777912,0.0156435901577262,0.0494724610661506
2024-09-06,"LSDDP.LRP",0.0228222318530725,0.0113715820254582,0.061592653665496
2024-09-06,"LLRA.KSS",0.0153824650412345,0.0090811511280135,0.0367299747496455
2024-09-06,"TT.LT",0.0136092708394891,0.00852409615335289,0.0281769279333261
2024-09-06,"VL",0.0807247083364031,0.0495399762364566,0.143685017279424
2024-09-06,"NA.",0.1011114457425,0.0692550331526264,0.155112605623446
2024-09-06,"oth",0.301117137980487,0.24893478181963,0.338940045868659
2024-09-13,"TS.LKD",0.0966228075528561,0.0690754585902209,0.134200522909633
2024-09-13,"LVZS",0.0718915341984275,0.046393071056191,0.126281952856819
2024-09-13,"LSDP",0.152408789151392,0.102486848059806,0.223138151236052
2024-09-13,"LRLS",0.0528447018197662,0.0393734213965626,0.070319330465303
2024-09-13,"DP",0.0223136135564455,0.0105006967997071,0.0608671742253703
2024-09-13,"LP",0.0248209031209163,0.0154753724082908,0.0484865152674902
2024-09-13,"LSDDP.LRP",0.0223634391200638,0.011094185882986,0.0601020501650689
2024-09-13,"LLRA.KSS",0.015346821309851,0.00906775988116302,0.0366378283314066
2024-09-13,"TT.LT",0.0135189004645422,0.00845621852077032,0.0281282702381848
2024-09-13,"VL",0.0809545773402587,0.0495727571274651,0.143728755427299
2024-09-13,"NA.",0.106165382405094,0.0730031177271439,0.162821574121574
2024-09-13,"oth",0.299635132971915,0.247685400968546,0.337281036918097
2024-09-20,"TS.LKD",0.0964862765437236,0.0690208049194398,0.133998458855825
2024-09-20,"LVZS",0.0713488649796862,0.0459357552236772,0.125384009376951
2024-09-20,"LSDP",0.151468977378937,0.101591935700379,0.221726294523535
2024-09-20,"LRLS",0.0528346877673673,0.0392481073993744,0.0705197182447216
2024-09-20,"DP",0.0216212558303283,0.0101405586920859,0.0591338224546162
2024-09-20,"LP",0.0243976679132476,0.015277470846671,0.0476168406608933
2024-09-20,"LSDDP.LRP",0.021859540993843,0.0109115711545911,0.0591434427519919
2024-09-20,"LLRA.KSS",0.0152936168449526,0.00905240523250809,0.036393632491255
2024-09-20,"TT.LT",0.013428586217259,0.00839155879001369,0.0281045331646001
2024-09-20,"VL",0.081178305990638,0.0498094112934678,0.144299493332395
2024-09-20,"NA.",0.111028713377184,0.0765697759735024,0.170303364467869
2024-09-20,"oth",0.298018023131304,0.246546268386365,0.335815941563935
2024-09-27,"TS.LKD",0.0962509473450809,0.0687784550884927,0.133568836368721
2024-09-27,"LVZS",0.0706692294656762,0.045445123876669,0.124233080540914
2024-09-27,"LSDP",0.150408583492499,0.100777920182877,0.220072424303775
2024-09-27,"LRLS",0.0527827719958851,0.0392340754708943,0.0704178476614938
2024-09-27,"DP",0.0209512146862688,0.00976014938262326,0.0574982159677684
2024-09-27,"LP",0.0239996804603702,0.0149475556380832,0.0472135310318909
2024-09-27,"LSDDP.LRP",0.0213750129126273,0.0106738804455291,0.057543513596786
2024-09-27,"LLRA.KSS",0.015260784754864,0.00903520974954057,0.0362881346592636
2024-09-27,"TT.LT",0.0133536538934469,0.00836334012802623,0.0279399038515144
2024-09-27,"VL",0.0814569508460421,0.0499745698822661,0.145001898576151
2024-09-27,"NA.",0.116004503331352,0.0796466359854705,0.179088530874052
2024-09-27,"oth",0.296653763769479,0.245673950287703,0.334266756812003
2024-10-04,"TS.LKD",0.0959810414082034,0.0685746220907634,0.133214949918493
2024-10-04,"LVZS",0.0701335381755387,0.0449295186607534,0.12383030942188
2024-10-04,"LSDP",0.149360080362863,0.0996303737719029,0.218736495323894
2024-10-04,"LRLS",0.0527279575033537,0.0391787552255632,0.0704964679480198
2024-10-04,"DP",0.0203489352631387,0.00948008449200419,0.0553587498008449
2024-10-04,"LP",0.0235996814818463,0.0147195805671753,0.0462705189392517
2024-10-04,"LSDDP.LRP",0.0208458355655943,0.0104201852391317,0.0561245488911984
2024-10-04,"LLRA.KSS",0.0152429169902483,0.00901098875481629,0.0361179846906626
2024-10-04,"TT.LT",0.0132737537232291,0.00835084952080761,0.0277919458861907
2024-10-04,"VL",0.0817811400102517,0.0500725145381563,0.145125379325169
2024-10-04,"NA.",0.120917559622112,0.0829002614364176,0.187754716490453
2024-10-04,"oth",0.295417708687258,0.244580828327917,0.332863569656617
2024-10-11,"TS.LKD",0.0957620957340898,0.0681983568714958,0.132512065283539
2024-10-11,"LVZS",0.0696107250489277,0.0445571931728103,0.122766191438864
2024-10-11,"LSDP",0.148271502120893,0.0987434322538617,0.217806553454797
2024-10-11,"LRLS",0.0527819499489608,0.0392872330583048,0.070617734235437
2024-10-11,"DP",0.0197835728805283,0.00925118092887296,0.0539311758890979
2024-10-11,"LP",0.0232083024558422,0.0144324169685226,0.0454747712521734
2024-10-11,"LSDDP.LRP",0.0203507028037363,0.0101890364984798,0.0547315290927667
2024-10-11,"LLRA.KSS",0.0152139075099893,0.00900223471560269,0.0359772152282243
2024-10-11,"TT.LT",0.0131818129068825,0.00834006055639734,0.027753377562243
2024-10-11,"VL",0.0821418562345311,0.0502769754210346,0.146029186311293
2024-10-11,"NA.",0.125088937129151,0.0861413326301235,0.193056539257131
2024-10-11,"oth",0.294154619157875,0.243888335262661,0.331454692508019
2024-10-18,"TS.LKD",0.0955544785206063,0.0682030822999546,0.132565839983374
2024-10-18,"LVZS",0.069088942376316,0.0441421621155891,0.122469791684849
2024-10-18,"LSDP",0.147335512152043,0.0978673522036892,0.217025910106568
2024-10-18,"LRLS",0.0527894453894515,0.0392926736491714,0.0707861490483738
2024-10-18,"DP",0.0193095886033789,0.00902313795429609,0.0528026979630506
2024-10-18,"LP",0.0228056602664473,0.0140916316591414,0.044768015813175
2024-10-18,"LSDDP.LRP",0.0199062373654297,0.00993400354004505,0.0531415627115544
2024-10-18,"LLRA.KSS",0.0151944676802026,0.00899455062077225,0.0360464837049442
2024-10-18,"TT.LT",0.0131285449907699,0.00830374258651452,0.0275273432331237
2024-10-18,"VL",0.0825693279374372,0.050436809231849,0.146582765243898
2024-10-18,"NA.",0.129020588202938,0.0886654442076193,0.196973486630022
2024-10-18,"oth",0.293261782109261,0.243098892231464,0.330777472988364
2024-10-25,"TS.LKD",0.0955333070462638,0.0680611156112838,0.132349134674046
2024-10-25,"LVZS",0.0686409449914373,0.0439280725617028,0.121453962522951
2024-10-25,"LSDP",0.146409410735672,0.0974348940903369,0.21578477612257
2024-10-25,"LRLS",0.0528227058282741,0.0393958087299593,0.0710166440025537
2024-10-25,"DP",0.018838596496583,0.00878736697865514,0.052003175265903
2024-10-25,"LP",0.0224228693937951,0.0138669714257205,0.0439124347941044
2024-10-25,"LSDDP.LRP",0.0194456730552553,0.00969780306600052,0.052054762936946
2024-10-25,"LLRA.KSS",0.0151880789853048,0.00897346746999649,0.0360195524514657
2024-10-25,"TT.LT",0.0130561200489944,0.00824443855711892,0.0273315616316298
2024-10-25,"VL",0.0829875760271047,0.0507653109743391,0.146926423467919
2024-10-25,"NA.",0.132186092977558,0.0917110590219371,0.200944372612759
2024-10-25,"oth",0.292524926087751,0.242438775185734,0.330043088700341
2024-11-01,"TS.LKD",0.0954861448904591,0.068067172809382,0.132583716448242
2024-11-01,"LVZS",0.0682433812229495,0.0437436169593812,0.121550329388832
2024-11-01,"LSDP",0.145638864448271,0.0972565054635874,0.214980573663832
2024-11-01,"LRLS",0.0529005120943215,0.0394035017734087,0.0714809214392012
2024-11-01,"DP",0.018437913392304,0.00856859749204887,0.0508517846033045
2024-11-01,"LP",0.0220285271745893,0.0136269467924045,0.0433944702468976
2024-11-01,"LSDDP.LRP",0.0190035771404174,0.00948176379688772,0.0513711969893514
2024-11-01,"LLRA.KSS",0.0151934064159949,0.00895334677935293,0.0360696493588414
2024-11-01,"TT.LT",0.0130024018412378,0.00820188827090856,0.0272549550021975
2024-11-01,"VL",0.0835121485843429,0.0512047103847009,0.147771065251892
2024-11-01,"NA.",0.13468800985008,0.0933852122309274,0.20348092651143
2024-11-01,"oth",0.292144782217228,0.242476376230904,0.329668418102337
2024-11-08,"TS.LKD",0.0956324182322765,0.0683344263359884,0.132450569914551
2024-11-08,"LVZS",0.0679657187516552,0.0435333250534258,0.120846122989301
2024-11-08,"LSDP",0.144818921471869,0.0966433847462481,0.213807959007241
2024-11-08,"LRLS",0.0530385781307323,0.0395599422115277,0.0719139429215679
2024-11-08,"DP",0.0181402218337258,0.00840636916912178,0.0499850199151228
2024-11-08,"LP",0.0216813645825265,0.013373558624758,0.0426995400882337
2024-11-08,"LSDDP.LRP",0.0186003635536218,0.00925887987159715,0.0505849619493332
2024-11-08,"LLRA.KSS",0.0152110022923384,0.00898678441077333,0.0360809907055255
2024-11-08,"TT.LT",0.0129872426168863,0.00818842705463683,0.0271861448094388
2024-11-08,"VL",0.0841298240971386,0.0516386165378783,0.14922374976745
2024-11-08,"NA.",0.135916749381746,0.0946775481884165,0.204023824115503
2024-11-08,"oth",0.2922833580206,0.242363326381424,0.329324955605957
2024-11-15,"TS.LKD",0.0958990632183382,0.0686481808457724,0.132600461177213
2024-11-15,"LVZS",0.067844993649235,0.0433798721078281,0.120314727218306
2024-11-15,"LSDP",0.144339978276652,0.0966399154692546,0.212468084307792
2024-11-15,"LRLS",0.0532469333127743,0.0397696718501738,0.0720789609590465
2024-11-15,"DP",0.0178479136202497,0.00829406171482181,0.049255971641933
2024-11-15,"LP",0.0214049160501368,0.0132008322975587,0.0418344914807136
2024-11-15,"LSDDP.LRP",0.0181932461523067,0.00908712645429035,0.049694426238432
2024-11-15,"LLRA.KSS",0.015277677797731,0.00902718502116107,0.0363196635429697
2024-11-15,"TT.LT",0.0129564210104063,0.00816576065771747,0.0271165268857138
2024-11-15,"VL",0.0848342478053023,0.0521934404016472,0.15044230640188
2024-11-15,"NA.",0.136060743001853,0.0943342727110949,0.203513894252276
2024-11-15,"oth",0.292432259121581,0.242591290222776,0.329707368815383
2024-11-22,"TS.LKD",0.0962485370995154,0.0688479487264851,0.133137871092918
2024-11-22,"LVZS",0.0677430546242664,0.0434312386755249,0.119866669720558
2024-11-22,"LSDP",0.14402513575985,0.0960848371125934,0.211695845442945
2024-11-22,"LRLS",0.0534837514376059,0.0399913725532512,0.0723843922136009
2024-11-22,"DP",0.0176542211925888,0.00823597574774491,0.048781995049767
2024-11-22,"LP",0.0211527200085517,0.0130031165465291,0.0412537569383028
2024-11-22,"LSDDP.LRP",0.0178660632133241,0.00890686179105969,0.0494203846020389
2024-11-22,"LLRA.KSS",0.0153256473606606,0.00906370934762837,0.0365427375844155
2024-11-22,"TT.LT",0.0129493652731713,0.00814452543681295,0.0271365033229326
2024-11-22,"VL",0.0856902245028087,0.0528280388559102,0.151344484159573
2024-11-22,"NA.",0.134964842519904,0.0933679491909939,0.202418554514646
2024-11-22,"oth",0.293096415838973,0.243068478179088,0.330039877282031
2024-11-29,"TS.LKD",0.0966656911571392,0.0690742521706894,0.133460880498652
2024-11-29,"LVZS",0.0676692909742111,0.0433077823134569,0.119652418095543
2024-11-29,"LSDP",0.14348976072448,0.0960018233808297,0.211143119489911
2024-11-29,"LRLS",0.053712902734255,0.0403308766908478,0.0726917917065486
2024-11-29,"DP",0.017481071234425,0.00819151160381952,0.0481551095619981
2024-11-29,"LP",0.0209435907510375,0.0128531088624828,0.041003167376411
2024-11-29,"LSDDP.LRP",0.0176140148059085,0.0087097690397697,0.0486714775528935
2024-11-29,"LLRA.KSS",0.0154018405318619,0.00910630028466327,0.0367086736675386
2024-11-29,"TT.LT",0.0129510092106402,0.00812693311834692,0.0271086880768181
2024-11-29,"VL",0.0866988082867773,0.0533958367052032,0.152957398391917
2024-11-29,"NA.",0.133762437454262,0.0922048375682051,0.200968097121457
2024-11-29,"oth",0.293840787387954,0.243797614768363,0.331290769586709
2024-12-06,"TS.LKD",0.0969359906593049,0.0692444450263064,0.133725064188267
2024-12-06,"LVZS",0.0676675589236995,0.0430795956127068,0.119965794400925
2024-12-06,"LSDP",0.143030412705419,0.0958917118997408,0.210223666634506
2024-12-06,"LRLS",0.0539024161060912,0.0406221008419348,0.0728678009356534
2024-12-06,"DP",0.0173626433179488,0.0081394185635325,0.047821159947608
2024-12-06,"LP",0.0206949571650657,0.0127332794248797,0.0407372172390005
2024-12-06,"LSDDP.LRP",0.0173668725746482,0.00856611134103625,0.0476938148170849
2024-12-06,"LLRA.KSS",0.0154996970315231,0.00917255124385418,0.036911627862625
2024-12-06,"TT.LT",0.0129464724906764,0.00813686432439912,0.0269662802472199
2024-12-06,"VL",0.0876605102607784,0.0538604234365882,0.154884225921128
2024-12-06,"NA.",0.13223400973939,0.0911845778567888,0.199073614298887
2024-12-06,"oth",0.294653283868502,0.244779852326329,0.3322196449009
2024-12-13,"TS.LKD",0.0973344993649713,0.0695950903561432,0.134316101714597
2024-12-13,"LVZS",0.0676910873116029,0.0433264573200702,0.120323425719697
2024-12-13,"LSDP",0.142662199610703,0.0959431211558593,0.209442943874339
2024-12-13,"LRLS",0.054203676768047,0.0409065968386482,0.0731083405303193
2024-12-13,"DP",0.0172656404204705,0.00812448409180225,0.0478393967211108
2024-12-13,"LP",0.0205042394500676,0.0126960394224137,0.0402011275539544
2024-12-13,"LSDDP.LRP",0.0171535092100231,0.00841173140051063,0.0467581657216842
2024-12-13,"LLRA.KSS",0.015609059724186,0.00924571719979574,0.0371640903059647
2024-12-13,"TT.LT",0.0129599732272283,0.00814405703085354,0.0269522210243753
2024-12-13,"VL",0.088662821736335,0.054461882020416,0.156143581689976
2024-12-13,"NA.",0.130595379269138,0.0890758145950824,0.197421211941108
2024-12-13,"oth",0.295666377617916,0.245884979932542,0.333563453159534
2024-12-20,"TS.LKD",0.0979047660220526,0.0699232802084408,0.135019464975672
2024-12-20,"LVZS",0.0678388615447366,0.0432843153024024,0.120502702618433
2024-12-20,"LSDP",0.142521447648292,0.0958694787403218,0.209138145649762
2024-12-20,"LRLS",0.0544788951379431,0.0411994960454954,0.0734017299887265
2024-12-20,"DP",0.0172372719327549,0.00808388913478379,0.0476978005374498
2024-12-20,"LP",0.0203509005216271,0.0126023087315597,0.0397968062007541
2024-12-20,"LSDDP.LRP",0.0168982342826164,0.00828247757282635,0.0461277121984858
2024-12-20,"LLRA.KSS",0.0157211218545545,0.00931312248898413,0.0374194408895918
2024-12-20,"TT.LT",0.0129838909826878,0.00812083247776263,0.0269529122413715
2024-12-20,"VL",0.0897435663012529,0.0550038985812428,0.15769007256995
2024-12-20,"NA.",0.12765414477447,0.0871661743009005,0.19363302981378
2024-12-20,"oth",0.297092386147137,0.247282125452047,0.335433147660053
2024-12-27,"TS.LKD",0.0984422255947258,0.07046103333406,0.135593268311047
2024-12-27,"LVZS",0.0679643237007136,0.0432352772246832,0.120735902097769
2024-12-27,"LSDP",0.142259447396466,0.0957828117870998,0.209038327202383
2024-12-27,"LRLS",0.054843424861234,0.0414731176360236,0.0736453997187641
2024-12-27,"DP",0.0172161394471772,0.00803615294036664,0.0476138620463142
2024-12-27,"LP",0.0202484965520468,0.012551901094786,0.0396616589160309
2024-12-27,"LSDDP.LRP",0.0166950636968106,0.00820183867131665,0.0456470060675296
2024-12-27,"LLRA.KSS",0.0158382004094061,0.00939905910979117,0.0376284371869806
2024-12-27,"TT.LT",0.0129915224826504,0.00814310485365609,0.0269011125139263
2024-12-27,"VL",0.0908260117089952,0.0555907008101018,0.159161407993145
2024-12-27,"NA.",0.124342157180554,0.0850958012126825,0.190474589326952
2024-12-27,"oth",0.298478542442858,0.248264149878461,0.337179955402485
2025-01-03,"TS.LKD",0.0990119051461497,0.0708575773819037,0.135977978752534
2025-01-03,"LVZS",0.0680693083640945,0.043322594955944,0.120843091309363
2025-01-03,"LSDP",0.142103967276804,0.0957553474509968,0.208665590955154
2025-01-03,"LRLS",0.0551739005543262,0.0417291436780784,0.0740054678736832
2025-01-03,"DP",0.0172310368707527,0.00810577421803302,0.0479239212746887
2025-01-03,"LP",0.0201581106949784,0.01247781412096,0.0394507848778556
2025-01-03,"LSDDP.LRP",0.0164934814467999,0.00809680836983123,0.0451920836464709
2025-01-03,"LLRA.KSS",0.0159872218268868,0.00949305712304152,0.0379442424293043
2025-01-03,"TT.LT",0.0129870178903766,0.00811036655202056,0.0268670612679284
2025-01-03,"VL",0.0917953621842503,0.056267603909816,0.161450373372224
2025-01-03,"NA.",0.121299024635385,0.0823811374229137,0.186436607027333
2025-01-03,"oth",0.30017592095966,0.249653676758672,0.338615650778461
2025-01-10,"TS.LKD",0.0995232391561097,0.0713877444151668,0.136514532387857
2025-01-10,"LVZS",0.068316733233954,0.0436670357197761,0.120899124818312
2025-01-10,"LSDP",0.141873634995934,0.0957029635841389,0.208178474790937
2025-01-10,"LRLS",0.05546218375415,0.0419609625426811,0.074382883275034
2025-01-10,"DP",0.0172216675973314,0.00808516013559423,0.0481422722880435
2025-01-10,"LP",0.0200738637382032,0.0124268106371155,0.0392086819456847
2025-01-10,"LSDDP.LRP",0.0162996347069295,0.00798230175013815,0.0446087448245987
2025-01-10,"LLRA.KSS",0.016136017502078,0.00955177706064399,0.0381378948834929
2025-01-10,"TT.LT",0.012982749797132,0.00809484213093775,0.0268508885663442
2025-01-10,"VL",0.0927382231641956,0.0567651049616235,0.163237509285984
2025-01-10,"NA.",0.118508875982087,0.0803093194342891,0.182105997373379
2025-01-10,"oth",0.301560744082398,0.250956143331237,0.340271420891561
2025-01-17,"TS.LKD",0.0999338534314536,0.0716774301746925,0.137130812081691
2025-01-17,"LVZS",0.0684474147270474,0.0437844759373531,0.121540399386274
2025-01-17,"LSDP",0.141871499887895,0.0955566175956621,0.208020206445641
2025-01-17,"LRLS",0.0557501593606931,0.0422085028811656,0.0746639686342555
2025-01-17,"DP",0.0172333029636329,0.0080721796129596,0.0480680593422609
2025-01-17,"LP",0.0200108423183945,0.0123694016020055,0.0391015434920008
2025-01-17,"LSDDP.LRP",0.0161086999788281,0.00785520307954589,0.0441102311009212
2025-01-17,"LLRA.KSS",0.0162473852705805,0.00959133134053624,0.0383594056847388
2025-01-17,"TT.LT",0.0129714104993648,0.00812301843652715,0.0267699950828926
2025-01-17,"VL",0.0935637624374423,0.0572621526096389,0.164562504269805
2025-01-17,"NA.",0.116073173752901,0.0790412223094715,0.177691075856194
2025-01-17,"oth",0.302840271893795,0.251878506991615,0.341687786666538
2025-01-25,"TS.LKD",0.10044819940048,0.072023319366702,0.137709942867993
2025-01-25,"LVZS",0.0685462611472441,0.0440955751279874,0.12146387174573
2025-01-25,"LSDP",0.141418865030585,0.0954207279856042,0.207262422612977
2025-01-25,"LRLS",0.0560044424555995,0.0423812430396669,0.0749722407069995
2025-01-25,"DP",0.0172407456812344,0.00813601503065259,0.0479289005862075
2025-01-25,"LP",0.0199436526395188,0.0122905117616654,0.0387836792080295
2025-01-25,"LSDDP.LRP",0.0159311871027246,0.00774695254132764,0.0436543457391493
2025-01-25,"LLRA.KSS",0.0163470464991869,0.00966569015676987,0.0384243881404774
2025-01-25,"TT.LT",0.0129402684784421,0.00811768757904998,0.0266783466875483
2025-01-25,"VL",0.0944073967640854,0.0576497199147293,0.165407851990385
2025-01-25,"NA.",0.113943419997815,0.0782783055320509,0.175262639723562
2025-01-25,"oth",0.303864629385026,0.252963719765082,0.342557447945929
2025-02-01,"TS.LKD",0.100840983306714,0.0721408926368107,0.138314845917415
2025-02-01,"LVZS",0.0686757208896553,0.0441517068631178,0.121758585845212
2025-02-01,"LSDP",0.14082506375652,0.0951063862968429,0.206511990199186
2025-02-01,"LRLS",0.0562176408447593,0.0426082279202959,0.0751595884162501
2025-02-01,"DP",0.0172195446514109,0.00814635598156629,0.0477596652301918
2025-02-01,"LP",0.0198582505511508,0.0122891690833401,0.0385532295033476
2025-02-01,"LSDDP.LRP",0.0157422696676205,0.00767000840520119,0.0428978585376682
2025-02-01,"LLRA.KSS",0.0164017203511388,0.00973214592485517,0.0387180269245124
2025-02-01,"TT.LT",0.0129155737212413,0.00811015618351845,0.0265888695751494
2025-02-01,"VL",0.0949017077095592,0.0581480416301776,0.166365270812774
2025-02-01,"NA.",0.112808375892999,0.0777550242431883,0.172579414276964
2025-02-01,"oth",0.304628309570666,0.252732706828897,0.343156325643046
2025-02-08,"TS.LKD",0.101430945450119,0.0724762861997266,0.13846470446663
2025-02-08,"LVZS",0.0687249646389464,0.0442532158561562,0.121786025068115
2025-02-08,"LSDP",0.140388746686995,0.0944920572474078,0.206089992277627
2025-02-08,"LRLS",0.0563751533872602,0.0426427349287677,0.0752421347497605
2025-02-08,"DP",0.0171829916913638,0.00817676287804801,0.0480754724978417
2025-02-08,"LP",0.0197728806719159,0.0122635618965418,0.0384740372865601
2025-02-08,"LSDDP.LRP",0.0155293795422905,0.00762217117114611,0.0424249684700027
2025-02-08,"LLRA.KSS",0.0164890900863703,0.00978819506240916,0.039060245733893
2025-02-08,"TT.LT",0.0128456140493494,0.0081369207127941,0.0264258655372788
2025-02-08,"VL",0.0954749416035442,0.0585409978271799,0.167150748030748
2025-02-08,"NA.",0.111586784910991,0.0773471499583536,0.171342369480449
2025-02-08,"oth",0.305734564468596,0.25406814927839,0.34318285740716
2025-02-15,"TS.LKD",0.102006153242099,0.0727430426293228,0.13897160316152
2025-02-15,"LVZS",0.0688972506646738,0.0443961860287541,0.122169314676176
2025-02-15,"LSDP",0.139932109928119,0.094028771236405,0.205316188346625
2025-02-15,"LRLS",0.0565908067356918,0.0427795081678043,0.0753464310855205
2025-02-15,"DP",0.0172180951059226,0.00821456975604298,0.0484085488916683
2025-02-15,"LP",0.0197421515414955,0.0122526046885511,0.0385946570686367
2025-02-15,"LSDDP.LRP",0.0153623354558172,0.00753803626045463,0.0419203669636311
2025-02-15,"LLRA.KSS",0.0165998500909585,0.00986583342096117,0.0393198985518172
2025-02-15,"TT.LT",0.012802798045975,0.00812558213655804,0.0264499198016517
2025-02-15,"VL",0.0960218833192096,0.0589502980389378,0.167989643572765
2025-02-15,"NA.",0.109842046509824,0.0765390244626967,0.168494656410706
2025-02-15,"oth",0.306616336145453,0.255208074618146,0.344163279529118
2025-02-22,"TS.LKD",0.102649323811189,0.0732639706397809,0.139509576583497
2025-02-22,"LVZS",0.0691449441034318,0.0446401003613572,0.12270526868198
2025-02-22,"LSDP",0.139870447580012,0.0941217023408848,0.204464402780279
2025-02-22,"LRLS",0.0568264982186031,0.0429173515577357,0.0755891896858491
2025-02-22,"DP",0.0172894301243171,0.00824521360047843,0.0483763774383006
2025-02-22,"LP",0.0197597197753601,0.0122429388172233,0.0387384824128744
2025-02-22,"LSDDP.LRP",0.0152433744099353,0.00749284111607498,0.0414120561985825
2025-02-22,"LLRA.KSS",0.0167670285750763,0.00996920980171784,0.0397998991361881
2025-02-22,"TT.LT",0.0127632270694612,0.00808986990985942,0.0263621239467254
2025-02-22,"VL",0.0965821618425524,0.0592310925041057,0.169045804948216
2025-02-22,"NA.",0.107297475184062,0.0744881147710098,0.164767101309182
2025-02-22,"oth",0.308033263836056,0.256392827078855,0.34541330683621
2025-03-01,"TS.LKD",0.103294583606048,0.0738928830043082,0.1401342265043
2025-03-01,"LVZS",0.0693959859552484,0.0447932038553268,0.1231110151028
2025-03-01,"LSDP",0.139740578080042,0.0938989272800726,0.204149460710882
2025-03-01,"LRLS",0.0571326665634208,0.0431672200228754,0.0760102621114406
2025-03-01,"DP",0.0173155126998467,0.00822952311921466,0.0484426621576544
2025-03-01,"LP",0.0197713848291388,0.0122571224747047,0.0389299077183299
2025-03-01,"LSDDP.LRP",0.0151751876833463,0.00741569176314426,0.0411770569162853
2025-03-01,"LLRA.KSS",0.0169137345769098,0.0100763760485144,0.0401809890962962
2025-03-01,"TT.LT",0.0127541277318711,0.00811757132696321,0.0264490543239268
2025-03-01,"VL",0.097123209856799,0.0595723031425291,0.169512790559708
2025-03-01,"NA.",0.104053364062184,0.0720592507402034,0.1595095610027
2025-03-01,"oth",0.30949074779593,0.258091185656492,0.347081047805453
2025-03-08,"TS.LKD",0.103919690868003,0.0744996130757989,0.14119919336872
2025-03-08,"LVZS",0.0696927174140858,0.044884776633132,0.123416907323044
2025-03-08,"LSDP",0.139740475562885,0.0938462745223491,0.204488773775047
2025-03-08,"LRLS",0.0574260172799951,0.0433704490173566,0.0761829733398142
2025-03-08,"DP",0.0173690535833703,0.00827253115233502,0.0488423527416196
2025-03-08,"LP",0.0197777879105954,0.0122435572374162,0.0389404886244144
2025-03-08,"LSDDP.LRP",0.0150900170520694,0.00737748400376407,0.0407274532513392
2025-03-08,"LLRA.KSS",0.0170846341175491,0.0101783642135351,0.0406424773088809
2025-03-08,"TT.LT",0.0127575317026726,0.00812571620689762,0.0264911427600973
2025-03-08,"VL",0.0975521284264449,0.0598525315725452,0.170538356479603
2025-03-08,"NA.",0.100376686734609,0.0695075819535674,0.154687211944187
2025-03-08,"oth",0.310956004911231,0.25949831484148,0.348634753949338
2025-03-15,"TS.LKD",0.10455652667554,0.0750785432405916,0.141970147338859
2025-03-15,"LVZS",0.0699783894780541,0.0449947409262369,0.123898155655093
2025-03-15,"LSDP",0.139528462640633,0.0935966023755544,0.204094349066625
2025-03-15,"LRLS",0.0577232261678628,0.0436503913055806,0.0765109845898376
2025-03-15,"DP",0.0174160581441461,0.00829049689600751,0.0489873999654528
2025-03-15,"LP",0.0198462035267815,0.0122766006323499,0.0389394097481003
2025-03-15,"LSDDP.LRP",0.0150258103866307,0.00741348251095587,0.0405687827047666
2025-03-15,"LLRA.KSS",0.0172834382184997,0.0102972392791484,0.0409189917450117
2025-03-15,"TT.LT",0.0127412883377709,0.00809813205474958,0.0264720107199785
2025-03-15,"VL",0.097917014941293,0.060288695248827,0.171012692666995
2025-03-15,"NA.",0.0970380715901841,0.0670670876120689,0.150227958441728
2025-03-15,"oth",0.312580907557045,0.260745855896191,0.350309470134663
2025-03-22,"TS.LKD",0.105248033652538,0.0756890121955184,0.142879609658935
2025-03-22,"LVZS",0.0702166396453508,0.0450364208294363,0.124394503860637
2025-03-22,"LSDP",0.13944320388826,0.0934389227286857,0.203608768640252
2025-03-22,"LRLS",0.0580167394982943,0.0439606077001894,0.076935937446687
2025-03-22,"DP",0.0174375193226936,0.00830815037521981,0.0489990699284112
2025-03-22,"LP",0.0199298729867952,0.0123101731996682,0.0389655643610283
2025-03-22,"LSDDP.LRP",0.0149810800641715,0.00734217834511693,0.0403262502382134
2025-03-22,"LLRA.KSS",0.0174274431439141,0.0104075394618172,0.0411803773238389
2025-03-22,"TT.LT",0.0127139361819049,0.00805632239720217,0.0263874021121927
2025-03-22,"VL",0.0984206804963183,0.0607398970812252,0.171199735848089
2025-03-22,"NA.",0.0942084253696937,0.0647508868002682,0.14522444970335
2025-03-22,"oth",0.313700784031412,0.262023755899057,0.352197033547551
2025-03-29,"TS.LKD",0.105794941411353,0.0761280079171428,0.143649027837409
2025-03-29,"LVZS",0.0704188276498708,0.0452692564096101,0.124696725737325
2025-03-29,"LSDP",0.139079496256556,0.0931985463285584,0.203353060766506
2025-03-29,"LRLS",0.0583015605105945,0.0440571402375936,0.07721200577676
2025-03-29,"DP",0.0174138813354212,0.00832211649105155,0.0491275541702806
2025-03-29,"LP",0.0199636734220954,0.0123758235943225,0.038829878350022
2025-03-29,"LSDDP.LRP",0.0149007515901985,0.00735993950140259,0.040328366230959
2025-03-29,"LLRA.KSS",0.0175564730234001,0.0104746689673866,0.0415112928960815
2025-03-29,"TT.LT",0.0126802328661999,0.00802225794397316,0.0262597898321134
2025-03-29,"VL",0.098592812744179,0.0610590215667699,0.17201790698036
2025-03-29,"NA.",0.0921294639193739,0.0632630433469896,0.142029440402765
2025-03-29,"oth",0.31493673522613,0.263156299831266,0.353149165145409
2025-04-05,"TS.LKD",0.10637591384153,0.076451627976509,0.144570314730141
2025-04-05,"LVZS",0.0706186609336942,0.0455633666126279,0.124925033610453
2025-04-05,"LSDP",0.138930854437268,0.092868293213717,0.203293554347304
2025-04-05,"LRLS",0.0585481109262511,0.0441083176177951,0.0773406676380381
2025-04-05,"DP",0.0174061105748647,0.00835083539772763,0.0490737396013835
2025-04-05,"LP",0.0200398551575831,0.0124150864805171,0.0389593468001099
2025-04-05,"LSDDP.LRP",0.0148362928187548,0.00731157972418687,0.0401378002578778
2025-04-05,"LLRA.KSS",0.0176862664308686,0.0105401467205447,0.0419135512351728
2025-04-05,"TT.LT",0.0126291795185441,0.00800118088829693,0.0262821049168331
2025-04-05,"VL",0.0989236099601004,0.0613445620847186,0.172586543912812
2025-04-05,"NA.",0.0901986138786341,0.0619523752095568,0.139390518911291
2025-04-05,"oth",0.315956703883751,0.264047029417154,0.354002762839389
2025-04-12,"TS.LKD",0.1070885319098,0.076913153108482,0.145597436041061
2025-04-12,"LVZS",0.0709020173738415,0.0458091532198901,0.12507888524697
2025-04-12,"LSDP",0.138549548511205,0.0929936203649902,0.203293337635475
2025-04-12,"LRLS",0.0587627321257019,0.0443528664258407,0.0776728173106906
2025-04-12,"DP",0.0173617623270279,0.00832786511755557,0.0490208278006057
2025-04-12,"LP",0.0201237054058705,0.0125362013358906,0.0389928193568527
2025-04-12,"LSDDP.LRP",0.0148076875782911,0.00729348369420947,0.039943920918217
2025-04-12,"LLRA.KSS",0.0178655228825315,0.0106397821936111,0.0423454154582104
2025-04-12,"TT.LT",0.0126028571224589,0.00799930789525135,0.026267657112127
2025-04-12,"VL",0.0991090584735113,0.0615609670938581,0.172486385168196
2025-04-12,"NA.",0.0878617142719992,0.0600451574463408,0.135849547633172
2025-04-12,"oth",0.316994325393338,0.264931766729202,0.355386665235059
2025-04-19,"TS.LKD",0.107886789532517,0.0774806185089875,0.146452964368409
2025-04-19,"LVZS",0.071253695270944,0.0458811753772668,0.125578265098094
2025-04-19,"LSDP",0.138553846050788,0.0931436812892663,0.20320924103282
2025-04-19,"LRLS",0.0590926063338946,0.0445897806254517,0.0782154464883292
2025-04-19,"DP",0.0173585196462128,0.00827960772657202,0.0490427973762062
2025-04-19,"LP",0.0202383097039354,0.0126300342818857,0.0390545831057932
2025-04-19,"LSDDP.LRP",0.0147639114032804,0.00729059906322804,0.0397412584317252
2025-04-19,"LLRA.KSS",0.0180485772536717,0.0107353629941932,0.0429251624291743
2025-04-19,"TT.LT",0.0125886694502882,0.00796478952164514,0.0262764727643052
2025-04-19,"VL",0.0992852360639701,0.0618583961526718,0.172677428173361
2025-04-19,"NA.",0.0849512721290361,0.0577887608494349,0.131843743551242
2025-04-19,"oth",0.318447277823025,0.266203675498683,0.356943055445287
2025-04-26,"TS.LKD",0.108706488008651,0.0782183788703802,0.147785542192307
2025-04-26,"LVZS",0.071640295711618,0.0461594166658138,0.125924460214831
2025-04-26,"LSDP",0.138331140827881,0.0928490868090883,0.202926772207973
2025-04-26,"LRLS",0.0594844814910957,0.044766568580767,0.0785666806801473
2025-04-26,"DP",0.0174054997762919,0.00828587361222333,0.0488952898245195
2025-04-26,"LP",0.0204137335722706,0.0127523050688703,0.0393114503852782
2025-04-26,"LSDDP.LRP",0.0147302373417503,0.00736756751588765,0.0395893912617442
2025-04-26,"LLRA.KSS",0.0182387287892658,0.0108907681341236,0.0431658445582657
2025-04-26,"TT.LT",0.0125549252769635,0.00795308626149207,0.0262117633006491
2025-04-26,"VL",0.0994894253150878,0.0620902602120603,0.172869891053236
2025-04-26,"NA.",0.0811742078677106,0.0554877541507974,0.126511642622595
2025-04-26,"oth",0.320171530819622,0.267960350939597,0.358574485934685
2025-05-03,"TS.LKD",0.109575368361323,0.0788410047968462,0.149112574930712
2025-05-03,"LVZS",0.0720720865980082,0.0464287802963515,0.126343990281819
2025-05-03,"LSDP",0.138317155475173,0.0930672422325452,0.202210290030361
2025-05-03,"LRLS",0.0598953946326191,0.0450290030528423,0.0791493464813705
2025-05-03,"DP",0.0174062982732895,0.00831855332575354,0.0489740205990277
2025-05-03,"LP",0.0206259304420929,0.0128697692346772,0.0397130453783509
2025-05-03,"LSDDP.LRP",0.0147071072989065,0.00736537769509957,0.0395700538546964
2025-05-03,"LLRA.KSS",0.0184420996503254,0.0109776675317815,0.0437870216030726
2025-05-03,"TT.LT",0.0125241387474189,0.00792824905584434,0.0262484183999215
2025-05-03,"VL",0.0996013414464733,0.0621474262547,0.172660961402966
2025-05-03,"NA.",0.0774303898761504,0.0529625024384417,0.120902030157102
2025-05-03,"oth",0.321967819530364,0.269470404015522,0.360550799753295
2025-05-10,"TS.LKD",0.110422979401172,0.0796146415226816,0.150624064100596
2025-05-10,"LVZS",0.0725096314656479,0.0466811033532404,0.12731388709394
2025-05-10,"LSDP",0.138358474926438,0.0928748953968913,0.202211593582151
2025-05-10,"LRLS",0.0602868751186269,0.0454110070454996,0.0799632153359949
2025-05-10,"DP",0.0173934454729017,0.0083532185038535,0.0490998048088106
2025-05-10,"LP",0.0208119598998377,0.0129963000971955,0.0400614728261205
2025-05-10,"LSDDP.LRP",0.0146520232638384,0.00735834627681762,0.0394639044233682
2025-05-10,"LLRA.KSS",0.0186752426368912,0.0110757071769804,0.044386852161984
2025-05-10,"TT.LT",0.0124931431805204,0.00791225050712278,0.0261390830049763
2025-05-10,"VL",0.0995868995687495,0.0621986849219047,0.172936261104023
2025-05-10,"NA.",0.0737106560808774,0.050320996674202,0.115155629351871
2025-05-10,"oth",0.323671827423259,0.271580513056406,0.362243242769386
2025-05-17,"TS.LKD",0.111358526745863,0.0801827712246513,0.151757334894211
2025-05-17,"LVZS",0.0728833639293562,0.0467761470625125,0.128301607106019
2025-05-17,"LSDP",0.138172141731277,0.0928675956971313,0.20224286093974
2025-05-17,"LRLS",0.0605576744089563,0.0456820415209111,0.0805411441431703
2025-05-17,"DP",0.017371936195121,0.00833100117816742,0.0490518959776772
2025-05-17,"LP",0.0210314317394857,0.013114726122871,0.0403299283983416
2025-05-17,"LSDDP.LRP",0.0146457152231911,0.007304577879152,0.0393039560308487
2025-05-17,"LLRA.KSS",0.0188970204551444,0.0111990939696726,0.0447830457833874
2025-05-17,"TT.LT",0.0124776767169103,0.0078902560905893,0.0259712196146571
2025-05-17,"VL",0.0996512169712186,0.0622981135485074,0.173072089454641
2025-05-17,"NA.",0.0707026367120301,0.0480053395129134,0.110250307095566
2025-05-17,"oth",0.325192824219934,0.27266739705157,0.363449857564368
2025-05-24,"TS.LKD",0.112139443872318,0.0811416403229837,0.152908466865931
2025-05-24,"LVZS",0.0731977169991956,0.0470090841662231,0.129083230974111
2025-05-24,"LSDP",0.137926025377599,0.0926376410908925,0.201742966156777
2025-05-24,"LRLS",0.060847042793438,0.0458397441423182,0.0807940042338694
2025-05-24,"DP",0.0173435148290714,0.00832703241071151,0.0490010964032976
2025-05-24,"LP",0.021236630618575,0.0132565659428248,0.0405088168118048
2025-05-24,"LSDDP.LRP",0.0146058385495959,0.00727031828851973,0.0389163197453716
2025-05-24,"LLRA.KSS",0.0190744926770598,0.0112783238110119,0.04495076744062
2025-05-24,"TT.LT",0.0124340804969518,0.00784121529204554,0.0259808622636577
2025-05-24,"VL",0.0996108237533737,0.0622899380813557,0.173073990861124
2025-05-24,"NA.",0.0682601719409696,0.04582550932215,0.106540486722262
2025-05-24,"oth",0.326390899064951,0.274113534834168,0.365005355892918
2025-05-31,"TS.LKD",0.112985812496829,0.0818552265066256,0.154487194144245
2025-05-31,"LVZS",0.0734180321625128,0.0472281017580117,0.129301855017492
2025-05-31,"LSDP",0.137604809337591,0.0924184010328236,0.201529899863412
2025-05-31,"LRLS",0.0611243014083587,0.0459822899881995,0.0811516587095848
2025-05-31,"DP",0.0172704292610626,0.00831310436000142,0.0486569673467571
2025-05-31,"LP",0.0214549192835177,0.0133484994504345,0.0406748356080078
2025-05-31,"LSDDP.LRP",0.0145621581958183,0.00724324392111074,0.0387278234500596
2025-05-31,"LLRA.KSS",0.0192574352514518,0.0113432879136213,0.0452687465623102
2025-05-31,"TT.LT",0.0123930501296781,0.0077978664757602,0.0260050354785632
2025-05-31,"VL",0.0993942128421514,0.0622964787793181,0.173033747510337
2025-05-31,"NA.",0.0665305569601397,0.044747845098483,0.104834386220608
2025-05-31,"oth",0.327233925146323,0.274713092571718,0.366084774193272
2025-06-07,"TS.LKD",0.113769640198829,0.0823988853957548,0.155784849690378
2025-06-07,"LVZS",0.0737887223515235,0.0473812629713457,0.129419820710083
2025-06-07,"LSDP",0.137261209410731,0.0921611022588411,0.201096046713158
2025-06-07,"LRLS",0.0613126541416386,0.0460916952321037,0.0813403323652005
2025-06-07,"DP",0.0171825177693437,0.008257853670455,0.0483454319209329
2025-06-07,"LP",0.0216363677279598,0.0134812196830123,0.0410015558275345
2025-06-07,"LSDDP.LRP",0.0144786485913543,0.00718804474141389,0.0386319547441087
2025-06-07,"LLRA.KSS",0.0194198238877083,0.0114257952516754,0.0456146264253547
2025-06-07,"TT.LT",0.0123549024911287,0.00775358958026799,0.0260478056421041
2025-06-07,"VL",0.0990712739063335,0.0621875689238379,0.172115423441549
2025-06-07,"NA.",0.0649515770174535,0.0434850618459009,0.102670254362896
2025-06-07,"oth",0.327932472720891,0.275452193879881,0.366924227284411
2025-06-14,"TS.LKD",0.114514008669155,0.0829983118993163,0.156638518996821
2025-06-14,"LVZS",0.0740101296196389,0.047576152664234,0.12980072139526
2025-06-14,"LSDP",0.137068559943848,0.0916372460331184,0.201077689337338
2025-06-14,"LRLS",0.0614179745491945,0.0461646799016679,0.0816552331597104
2025-06-14,"DP",0.0171166037253777,0.00823504294978334,0.0482351489397619
2025-06-14,"LP",0.0218408035650227,0.0136474379045818,0.0414915094231663
2025-06-14,"LSDDP.LRP",0.0143745857931923,0.0071197761847076,0.0384829086739084
2025-06-14,"LLRA.KSS",0.0195495787951624,0.0114834429086511,0.0457994819206566
2025-06-14,"TT.LT",0.0123106593998745,0.00771425967435263,0.0258736298004556
2025-06-14,"VL",0.0988225242656482,0.0619161331173876,0.171900082538508
2025-06-14,"NA.",0.0633913165334705,0.0423400012161656,0.101626828647498
2025-06-14,"oth",0.328717739286219,0.276215385288098,0.36740758819897
2025-06-21,"TS.LKD",0.115253570191785,0.0833274755596138,0.157257144220466
2025-06-21,"LVZS",0.0741874890975316,0.0476076558270682,0.130594658143425
2025-06-21,"LSDP",0.136982636905938,0.0915127402512979,0.200552497757833
2025-06-21,"LRLS",0.0615897111130771,0.0462097658908697,0.0818489552094097
2025-06-21,"DP",0.0170200203818765,0.00818542714997312,0.048421174678533
2025-06-21,"LP",0.0221563375673255,0.0137991544509709,0.0420001041545084
2025-06-21,"LSDDP.LRP",0.0142723021219682,0.0070735471332439,0.0383386727669001
2025-06-21,"LLRA.KSS",0.0197170000880152,0.011559127416211,0.0462598601651563
2025-06-21,"TT.LT",0.0122680900635609,0.00766838327537624,0.0258838629805727
2025-06-21,"VL",0.0983161325373707,0.0616763342669938,0.171251913325364
2025-06-21,"NA.",0.0618841469771516,0.0411381377081029,0.0992372487589568
2025-06-21,"oth",0.329414227356706,0.276687905477189,0.368289319236827
2025-06-28,"TS.LKD",0.115982236494964,0.0839925992887065,0.158256290664996
2025-06-28,"LVZS",0.0744092792499428,0.0478249432107869,0.131508780407334
2025-06-28,"LSDP",0.136766698114014,0.0915445907383975,0.199909775596681
2025-06-28,"LRLS",0.0617245078731612,0.0462894534468472,0.0820809480555474
2025-06-28,"DP",0.0169700128761692,0.00810482072315677,0.0481191372135154
2025-06-28,"LP",0.0223554107973252,0.0139292400930433,0.0426544539705418
2025-06-28,"LSDDP.LRP",0.0141753230970843,0.00702296004075347,0.0381296035240709
2025-06-28,"LLRA.KSS",0.0198464987224551,0.0116231227234453,0.0464402408825601
2025-06-28,"TT.LT",0.012221024558923,0.00760851565818586,0.0259024730781489
2025-06-28,"VL",0.0980306888836953,0.0612225104375059,0.171036404943844
2025-06-28,"NA.",0.0602775589165604,0.0397199246768697,0.0970695246913328
2025-06-28,"oth",0.330052130461939,0.277195392188905,0.36868675558327
2025-07-05,"TS.LKD",0.116746461365928,0.0844430416943382,0.15912473591577
2025-07-05,"LVZS",0.0745256746964288,0.0480579547228287,0.131737812582734
2025-07-05,"LSDP",0.136550559860837,0.0912391792470495,0.199491342691694
2025-07-05,"LRLS",0.0617420378065841,0.0462198765693408,0.0820920532948565
2025-07-05,"DP",0.0169115163259044,0.00802673722673425,0.0477500482451804
2025-07-05,"LP",0.0225884495041448,0.0140222936845662,0.0431598055841463
2025-07-05,"LSDDP.LRP",0.0141369969721425,0.00699398798025223,0.0379404463273589
2025-07-05,"LLRA.KSS",0.0199957138940242,0.0116857169497189,0.0466941787982337
2025-07-05,"TT.LT",0.0121785898765302,0.00757154190080889,0.025830246822551
2025-07-05,"VL",0.0977284388140967,0.0610983690326277,0.170203803053299
2025-07-05,"NA.",0.0593287687558718,0.0387472963326698,0.0957231345685051
2025-07-05,"oth",0.330395998287687,0.278000772993648,0.36928811816608
2025-07-12,"TS.LKD",0.117436810938936,0.0851007718544804,0.160041396104211
2025-07-12,"LVZS",0.0747104071205217,0.0481281243680781,0.132201358031455
2025-07-12,"LSDP",0.136032574425363,0.0910301468726264,0.199284328330992
2025-07-12,"LRLS",0.0616531863121213,0.0462638629755207,0.082235012789693
2025-07-12,"DP",0.0167920121457585,0.00795043910751984,0.0475281959636088
2025-07-12,"LP",0.0228066885432147,0.0141102304369998,0.0434724245712262
2025-07-12,"LSDDP.LRP",0.0140790355145535,0.00693896028930932,0.0378602778535729
2025-07-12,"LLRA.KSS",0.0200933963343596,0.011769264724292,0.0469486885055948
2025-07-12,"TT.LT",0.0121063704978252,0.00752942450376437,0.0256727096543524
2025-07-12,"VL",0.0970537236172195,0.0608481551364968,0.169966428979343
2025-07-12,"NA.",0.05916626550982,0.0382029073092117,0.0958104183987023
2025-07-12,"oth",0.330534048393381,0.278262946592122,0.369600777242521
2025-07-19,"TS.LKD",0.117963560346398,0.0856947248320265,0.160869103162434
2025-07-19,"LVZS",0.0747368136663091,0.0481499323162719,0.132195689004803
2025-07-19,"LSDP",0.135560116261836,0.0907556508788918,0.19896522001604
2025-07-19,"LRLS",0.0615369602959344,0.0461881052061948,0.0820541471255254
2025-07-19,"DP",0.0167132397611534,0.00789949841326444,0.047347826833044
2025-07-19,"LP",0.0230523888309776,0.014261164851716,0.043852853994839
2025-07-19,"LSDDP.LRP",0.0139703192894157,0.00686852723481007,0.0377087409856622
2025-07-19,"LLRA.KSS",0.0201731514015656,0.0117833806486462,0.0471682085509118
2025-07-19,"TT.LT",0.012035803600836,0.00749248341752549,0.0254783832401276
2025-07-19,"VL",0.0964600664857787,0.0604503567120468,0.168850225592261
2025-07-19,"NA.",0.0601252151990915,0.0382216676067902,0.0974876340952629
2025-07-19,"oth",0.330366249659932,0.277727837070286,0.369793404074575
2025-07-26,"TS.LKD",0.118439230768132,0.0857109127705167,0.16181796001193
2025-07-26,"LVZS",0.0746590372475936,0.0481766465331175,0.132074562664193
2025-07-26,"LSDP",0.134897141434085,0.0902473438490623,0.19808040324411
2025-07-26,"LRLS",0.061303265271483,0.0460802951867323,0.0816938333322272
2025-07-26,"DP",0.0165727707297923,0.00783867687846412,0.0468559823173775
2025-07-26,"LP",0.0231477569993259,0.0143298417784407,0.044197919009151
2025-07-26,"LSDDP.LRP",0.0138429956642874,0.00681039842990222,0.0374295640784642
2025-07-26,"LLRA.KSS",0.0201937044080364,0.0118307700152783,0.0473152142461276
2025-07-26,"TT.LT",0.0119533337997077,0.0074407713351827,0.0253430419949981
2025-07-26,"VL",0.0957639305947204,0.0599471735399755,0.167276258509521
2025-07-26,"NA.",0.0622532078204668,0.0397585422902079,0.101068713484498
2025-07-26,"oth",0.329573896893653,0.277473600795995,0.368968756527597
2025-08-02,"TS.LKD",0.11874113828686,0.0858856518904226,0.163016092517755
2025-08-02,"LVZS",0.0745928853463113,0.0481634034725717,0.131856281831763
2025-08-02,"LSDP",0.134119415024629,0.0897227844099482,0.1968478457589
2025-08-02,"LRLS",0.0609798374501949,0.0459032022014732,0.0813115675489513
2025-08-02,"DP",0.016415225502036,0.00781901414960953,0.0464292864501657
2025-08-02,"LP",0.0232462646423201,0.0144115283812249,0.0446545323520806
2025-08-02,"LSDDP.LRP",0.0136851668072926,0.00674133351039728,0.037096002688228
2025-08-02,"LLRA.KSS",0.0202161690415449,0.0118053386833503,0.0474342859138047
2025-08-02,"TT.LT",0.0118381431488786,0.00734503445555731,0.025103255314741
2025-08-02,"VL",0.0949448767557015,0.0594758114192595,0.166167910153994
2025-08-02,"NA.",0.0654161347413236,0.0426383405136566,0.105520991109689
2025-08-02,"oth",0.328373391292617,0.27585765884559,0.367597321077451
2025-08-09,"TS.LKD",0.118920574529246,0.0860314125912797,0.162989950503047
2025-08-09,"LVZS",0.0743538912240272,0.0482176571028901,0.130982065224047
2025-08-09,"LSDP",0.133299466405333,0.0893797840658516,0.195451754344996
2025-08-09,"LRLS",0.0606121496200899,0.045604673832545,0.0808247848862289
2025-08-09,"DP",0.0162214382450549,0.00771972783263789,0.0460292041078947
2025-08-09,"LP",0.0233553540949785,0.0144783122501486,0.0450802255073367
2025-08-09,"LSDDP.LRP",0.013481921670673,0.00665626153597263,0.0367303850806665
2025-08-09,"LLRA.KSS",0.0202033687296944,0.0117671384425142,0.0477145232110588
2025-08-09,"TT.LT",0.0117362185926792,0.00725113722853372,0.0249987187839483
2025-08-09,"VL",0.0939571128197546,0.0588235234943047,0.164764142399798
2025-08-09,"NA.",0.0694698598662437,0.0465145848826911,0.111535664476152
2025-08-09,"oth",0.326822185434411,0.2743761968633,0.365905694391368
2025-08-16,"TS.LKD",0.118993248129984,0.0861693057825111,0.163698768616957
2025-08-16,"LVZS",0.0741528837424459,0.0479360533561415,0.130219635446081
2025-08-16,"LSDP",0.132324942654715,0.088631037199331,0.194048357531219
2025-08-16,"LRLS",0.0601325700739502,0.0452387608478228,0.0802004633451791
2025-08-16,"DP",0.0160556105548437,0.00767313260041939,0.045136525542562
2025-08-16,"LP",0.0233858616821136,0.0145335065265762,0.0451187441959199
2025-08-16,"LSDDP.LRP",0.0132728944181888,0.0065385242717248,0.0364092467613865
2025-08-16,"LLRA.KSS",0.0201662971023373,0.0117274672041471,0.0477757695073558
2025-08-16,"TT.LT",0.0116308857579153,0.00716963871924776,0.0246692266394278
2025-08-16,"VL",0.092861704165723,0.057996135319993,0.162818673649389
2025-08-16,"NA.",0.0744202591948117,0.0499291686746732,0.118735276004052
2025-08-16,"oth",0.325114625282485,0.272832818048512,0.363703143211279
2025-08-23,"TS.LKD",0.119157896038093,0.0861670717621721,0.16397430994488
2025-08-23,"LVZS",0.0739957732805546,0.0478833878596228,0.129961064136741
2025-08-23,"LSDP",0.131257696548747,0.0877647158629734,0.193438791555993
2025-08-23,"LRLS",0.0596295146970396,0.0448694499053765,0.0796747839896129
2025-08-23,"DP",0.01597165434372,0.00761247015811415,0.0448339546484385
2025-08-23,"LP",0.0234290299888716,0.0145626138791426,0.0453846716405945
2025-08-23,"LSDDP.LRP",0.0131120136717878,0.00644865428730779,0.035775599952077
2025-08-23,"LLRA.KSS",0.020120318936073,0.0117317956487819,0.0475712729293477
2025-08-23,"TT.LT",0.0115144184311776,0.00706367902644773,0.0244070721668466
2025-08-23,"VL",0.0918094782104275,0.0572291106040174,0.161528854801318
2025-08-23,"NA.",0.0790671563875372,0.0533087479503933,0.125554774935422
2025-08-23,"oth",0.322856895536076,0.270969013716513,0.361933245680941
2025-08-30,"TS.LKD",0.119412724965551,0.0864017017328578,0.163573086292525
2025-08-30,"LVZS",0.073757767550162,0.0476786444284577,0.129386608492615
2025-08-30,"LSDP",0.13021853906716,0.0871479365085646,0.19203987174172
2025-08-30,"LRLS",0.0592595098483854,0.0445686070706011,0.0791719015028533
2025-08-30,"DP",0.0157931439095257,0.00750281368184444,0.0442231117456037
2025-08-30,"LP",0.0235026445224578,0.0145666658124705,0.0456058153089571
2025-08-30,"LSDDP.LRP",0.0129379561922692,0.00635161242833088,0.0354070519328709
2025-08-30,"LLRA.KSS",0.0201081953577024,0.0117094346813595,0.0475030791760161
2025-08-30,"TT.LT",0.0114259818795703,0.0069714232729621,0.0241734750326381
2025-08-30,"VL",0.0908287950710596,0.0567330435750913,0.160484701945602
2025-08-30,"NA.",0.0832460033306654,0.05632943907109,0.13157615232346
2025-08-30,"oth",0.321223403188733,0.269261505479878,0.360082913567004
2025-09-06,"TS.LKD",0.119894579031069,0.0864539642721608,0.164365829438043
2025-09-06,"LVZS",0.0736333475943813,0.0474782390906267,0.129072507595619
2025-09-06,"LSDP",0.129595892160786,0.086844479745465,0.19128171879442
2025-09-06,"LRLS",0.058939077103435,0.0442282501506706,0.0785640778787121
2025-09-06,"DP",0.015680964530066,0.00736656453911142,0.0437531170155115
2025-09-06,"LP",0.0236317282514594,0.0146363995935566,0.0459212384343102
2025-09-06,"LSDDP.LRP",0.0127990417623122,0.00621106567453685,0.0350807701685591
2025-09-06,"LLRA.KSS",0.0200741085393535,0.011724448919839,0.0477250978040512
2025-09-06,"TT.LT",0.011318615855159,0.00686535140470862,0.0239744892671969
2025-09-06,"VL",0.090087086770147,0.0560926482997973,0.159652628099325
2025-09-06,"NA.",0.0860102844388813,0.0580732786527611,0.135614272128684
2025-09-06,"oth",0.319996276340407,0.268223746691714,0.358637726286013
2025-09-13,"TS.LKD",0.120499207090012,0.0867721963279966,0.164903188013441
2025-09-13,"LVZS",0.0737248775481203,0.0474662401237815,0.129112629911708
2025-09-13,"LSDP",0.129184906273688,0.0866528643147944,0.191174348017033
2025-09-13,"LRLS",0.0586026040421807,0.0437717921331765,0.0783907600686956
2025-09-13,"DP",0.0155262012832287,0.00729600244994931,0.04333347856881
2025-09-13,"LP",0.0237744072811597,0.0146646059867833,0.0460564100167337
2025-09-13,"LSDDP.LRP",0.0126424391228403,0.00613497581667562,0.0348680378401424
2025-09-13,"LLRA.KSS",0.0201129634872376,0.0117252342884749,0.0477655404466015
2025-09-13,"TT.LT",0.0112415147075773,0.00677877777443173,0.0239586780738245
2025-09-13,"VL",0.089788363359864,0.0558202078708384,0.159156422740168
2025-09-13,"NA.",0.08713193163001,0.0590582562108644,0.136412582783837
2025-09-13,"oth",0.319566375011338,0.267348827713721,0.35810766738779
2025-09-20,"TS.LKD",0.121553747129119,0.0874923564216565,0.166268544613116
2025-09-20,"LVZS",0.0740305894676949,0.0476541514173707,0.130192319638364
2025-09-20,"LSDP",0.129101961595141,0.0860976317668238,0.19152670461174
2025-09-20,"LRLS",0.0585136797248022,0.0434352807359834,0.0785454450593346
2025-09-20,"DP",0.0154207855990484,0.00726005481867895,0.0429940079989421
2025-09-20,"LP",0.0239527503396011,0.0146875453270132,0.0464249464767131
2025-09-20,"LSDDP.LRP",0.0125305680494082,0.00605271540034773,0.0343581119229059
2025-09-20,"LLRA.KSS",0.0201830032251366,0.0117414737947201,0.0481777057124006
2025-09-20,"TT.LT",0.0111865683520312,0.00671853131434356,0.0239850418445198
2025-09-20,"VL",0.0894088267470768,0.0555846240325021,0.158944967405447
2025-09-20,"NA.",0.0866087804184142,0.0587129330825283,0.135427917700739
2025-09-20,"oth",0.319390736488081,0.267070304139001,0.358079478727564
2025-09-27,"TS.LKD",0.122720106144465,0.0884241659401683,0.167919250345968
2025-09-27,"LVZS",0.0743338885110385,0.0478344298158637,0.130999583266884
2025-09-27,"LSDP",0.129112219184355,0.0864033012290328,0.191724295865422
2025-09-27,"LRLS",0.0584836926126514,0.0431890186979443,0.0784581843466997
2025-09-27,"DP",0.0153396638151873,0.00719033971848797,0.0430721739551565
2025-09-27,"LP",0.024210433591442,0.014689788806664,0.0467994023948911
2025-09-27,"LSDDP.LRP",0.0124433213934602,0.00597876810560158,0.0343238038945508
2025-09-27,"LLRA.KSS",0.0202915780998398,0.0118119696652033,0.0483818104152418
2025-09-27,"TT.LT",0.0111338762672367,0.0066740300660855,0.0239664495725875
2025-09-27,"VL",0.0895701977936444,0.0554183819753587,0.159084124029402
2025-09-27,"NA.",0.0845333118443019,0.0570526507135543,0.132269556365311
2025-09-27,"oth",0.320220022134018,0.267215821341697,0.358888965753564
2025-10-04,"TS.LKD",0.123831239883649,0.0891525754060722,0.169820295339532
2025-10-04,"LVZS",0.0747087745876679,0.0479845195565468,0.131795427462022
2025-10-04,"LSDP",0.129177885726881,0.0863636837168697,0.191901516092842
2025-10-04,"LRLS",0.0584732895549023,0.0430541550601533,0.0785073751547408
2025-10-04,"DP",0.0153143800737126,0.00707021477829018,0.042794832283367
2025-10-04,"LP",0.0244939368563581,0.0147994475122776,0.0471991603971601
2025-10-04,"LSDDP.LRP",0.0124098617837707,0.00585725525162942,0.034399887661328
2025-10-04,"LLRA.KSS",0.0204291799172001,0.0118732255537027,0.0486600476773695
2025-10-04,"TT.LT",0.0111290543643983,0.00662137692460329,0.0239976499179578
2025-10-04,"VL",0.0896881206659881,0.0553462355466748,0.158702761101563
2025-10-04,"NA.",0.081513065758892,0.0548121832071642,0.128740197948885
2025-10-04,"oth",0.321116007839681,0.268158770293778,0.359885074215735
2025-10-11,"TS.LKD",0.125005357181054,0.0899248876651847,0.171908953733362
2025-10-11,"LVZS",0.0750684731873223,0.0481977329820985,0.13263020772419
2025-10-11,"LSDP",0.129496703506531,0.0861970893483997,0.192079451918389
2025-10-11,"LRLS",0.0585644716305347,0.0428317051422436,0.0788084993088038
2025-10-11,"DP",0.0153276106030141,0.00702609495684495,0.0428556243895173
2025-10-11,"LP",0.0247677030634682,0.0149542292761255,0.0477436420943229
2025-10-11,"LSDDP.LRP",0.0123594323785166,0.00575533541502285,0.0342732059363955
2025-10-11,"LLRA.KSS",0.0205541452747283,0.0118852849089881,0.0490370094456086
2025-10-11,"TT.LT",0.0111181098730526,0.00658247269800632,0.0241863360853554
2025-10-11,"VL",0.0898143819608323,0.055043968722116,0.158647794230481
2025-10-11,"NA.",0.0779577791446349,0.0512815327205555,0.124691931003716
2025-10-11,"oth",0.322065546097159,0.268280040375671,0.361187416948572
2025-10-18,"TS.LKD",0.126114100723151,0.0907831738442067,0.173609775010691
2025-10-18,"LVZS",0.075601603270194,0.048446848925603,0.132889757668973
2025-10-18,"LSDP",0.129681940843349,0.085893475004605,0.191846816758649
2025-10-18,"LRLS",0.0585928580828991,0.0425752861831553,0.0791786732028974
2025-10-18,"DP",0.0153132606266461,0.006908181460543,0.0429744402755323
2025-10-18,"LP",0.025089214933771,0.0149939707365947,0.0486591340438205
2025-10-18,"LSDDP.LRP",0.0123183992230842,0.00568917286988874,0.0343802727682605
2025-10-18,"LLRA.KSS",0.020758059399634,0.0119639417887829,0.0496722374268627
2025-10-18,"TT.LT",0.0111245430892154,0.00652458557631357,0.024198252616091
2025-10-18,"VL",0.0899213527504783,0.0546542637511888,0.159173859428101
2025-10-18,"NA.",0.0740573195238006,0.0477047789654614,0.120349252554146
2025-10-18,"oth",0.322973213461234,0.268812204458806,0.362814931543597
2025-10-26,"TS.LKD",0.127195226988268,0.0915432630422184,0.175909003180817
2025-10-26,"LVZS",0.0761092624878008,0.0482946767900135,0.133997468315803
2025-10-26,"LSDP",0.129805651232941,0.0856847668557775,0.192976501940562
2025-10-26,"LRLS",0.0585851175526377,0.0423964503131433,0.0796039472933973
2025-10-26,"DP",0.0153076252331735,0.00687749489774237,0.0435002755644978
2025-10-26,"LP",0.0253692392481308,0.0150181620329943,0.0496671770494718
2025-10-26,"LSDDP.LRP",0.0122190078940741,0.00562379788999554,0.034466192787731
2025-10-26,"LLRA.KSS",0.0209250154129451,0.0119978659769655,0.0502993023702534
2025-10-26,"TT.LT",0.0111031422233655,0.0064306209968283,0.024374615398425
2025-10-26,"VL",0.0899604801288968,0.0545605533475284,0.159283752831184
2025-10-26,"NA.",0.070679452014645,0.0434747579979669,0.117119452055101
2025-10-26,"oth",0.323812998915956,0.269326186751804,0.364772331196285
