"date","party","est","lower","upper"
2024-05-31,"TS.LKD",0.0941696608912611,0.0705411297992877,0.120020492799222
2024-05-31,"LVZS",0.0794645752480962,0.0513960254924332,0.127244872034488
2024-05-31,"LSDP",0.160787096786673,0.112516651093243,0.231913015689536
2024-05-31,"LRLS",0.0539861838426408,0.0430998926607018,0.0642774195832916
2024-05-31,"DP",0.0349613790151022,0.0174896403588148,0.0970154251074064
2024-05-31,"LP",0.0280107894597142,0.0166495940425889,0.0638873297770304
2024-05-31,"LLRA.KSS",0.0152176760033064,0.00768156751011694,0.0454789788890819
2024-05-31,"VL",0.0745713390355234,0.0485359752369668,0.129985237759843
2024-05-31,"NA.",0.074430986030743,0.0498790537881595,0.113871815914129
2024-05-31,"NS",0.0126363343784324,0.00800482053721645,0.0255281659670062
2024-05-31,"oth",0.338520735214962,0.284920796334521,0.374502124575432
2024-06-07,"TS.LKD",0.0944545900319311,0.070945953363678,0.120266705860693
2024-06-07,"LVZS",0.078904623078082,0.0510159541617866,0.126370169544217
2024-06-07,"LSDP",0.160398114178351,0.112350401764496,0.231333883505906
2024-06-07,"LRLS",0.0540180832962144,0.0431401853190337,0.0641652884504904
2024-06-07,"DP",0.0340303008340379,0.0169382996543054,0.0940378421808053
2024-06-07,"LP",0.0278456250765341,0.0165529482203936,0.0635128405420531
2024-06-07,"LLRA.KSS",0.0151874379519474,0.00763549928255966,0.0458128972579918
2024-06-07,"VL",0.0747912070815114,0.0486714570513531,0.130419667275796
2024-06-07,"NA.",0.0768779307059048,0.0519011421719304,0.117210813307458
2024-06-07,"NS",0.0126136691746957,0.00800735072838614,0.0254221584263838
2024-06-07,"oth",0.337639973268158,0.284365113603874,0.373591524649462
2024-06-14,"TS.LKD",0.0948062788619356,0.0711622860256236,0.120859718435249
2024-06-14,"LVZS",0.0784017102748731,0.0507429739776171,0.125734356818161
2024-06-14,"LSDP",0.160189337334228,0.112224361712098,0.231011694052362
2024-06-14,"LRLS",0.0540286212046714,0.0432493746826114,0.0641423208571782
2024-06-14,"DP",0.0330751142390077,0.0165292454807634,0.0917588999331376
2024-06-14,"LP",0.0277021159465922,0.0164628903224302,0.0628816536661219
2024-06-14,"LLRA.KSS",0.0151994834621515,0.00758935484704549,0.0459753533099614
2024-06-14,"VL",0.0750312256621586,0.0488927517692926,0.131448549361233
2024-06-14,"NA.",0.0784275183094935,0.0536437220546835,0.11987634295792
2024-06-14,"NS",0.0125654502089739,0.00801962998143636,0.0253642355686662
2024-06-14,"oth",0.337021983644877,0.284115353581475,0.3724334325454
2024-06-21,"TS.LKD",0.0952916559872472,0.0715449013420839,0.121640901504447
2024-06-21,"LVZS",0.077994409531357,0.050459298288201,0.124767547669621
2024-06-21,"LSDP",0.160181232122044,0.111979661083354,0.230719228927671
2024-06-21,"LRLS",0.0541231949216097,0.0433119870177731,0.064198137982249
2024-06-21,"DP",0.0321762929770886,0.016030053807676,0.0890590205356293
2024-06-21,"LP",0.027605645881877,0.0163780552579178,0.0620179762971755
2024-06-21,"LLRA.KSS",0.0152014164433935,0.00763248150728014,0.0458931447303143
2024-06-21,"VL",0.0754091198265674,0.0493090300990606,0.13208717339183
2024-06-21,"NA.",0.0795615762772013,0.0547109796773306,0.121932097360678
2024-06-21,"NS",0.0125449920667888,0.00801362641593114,0.0253993304203762
2024-06-21,"oth",0.336647569413115,0.283704938547514,0.371598250278833
2024-06-28,"TS.LKD",0.0958010123093904,0.0719935702395568,0.12245178611862
2024-06-28,"LVZS",0.0776942882706438,0.0502056966963387,0.123611316638926
2024-06-28,"LSDP",0.16022152753584,0.11188654368846,0.230562368039138
2024-06-28,"LRLS",0.0542375031205265,0.0434357066764367,0.0642204885087598
2024-06-28,"DP",0.0312603383090434,0.0155573881522689,0.0862947828541151
2024-06-28,"LP",0.0275045958226172,0.0163013916214707,0.0613179383610588
2024-06-28,"LLRA.KSS",0.0152256330765751,0.00761978745262214,0.0463089126391954
2024-06-28,"VL",0.0758111251256784,0.0492724399543271,0.132280099864421
2024-06-28,"NA.",0.0802142776599898,0.0553661077177393,0.122555977632601
2024-06-28,"NS",0.0125492326153074,0.00805331940356866,0.0253287183900854
2024-06-28,"oth",0.336252862396671,0.283201132401559,0.371180051823378
2024-07-05,"TS.LKD",0.0963619040067425,0.0724824992733767,0.12336977134366
2024-07-05,"LVZS",0.0773083443733694,0.0499438034963158,0.122809623416257
2024-07-05,"LSDP",0.160370013919227,0.111836501631902,0.230322882314091
2024-07-05,"LRLS",0.0543490220455654,0.0434860015894345,0.06434144051322
2024-07-05,"DP",0.0304963362219629,0.0151552658768414,0.0839114737061559
2024-07-05,"LP",0.0273398825397546,0.0162784120531273,0.061029487138288
2024-07-05,"LLRA.KSS",0.0152510180562694,0.00764671538105012,0.0464259152307354
2024-07-05,"VL",0.076283141069931,0.0496569723848084,0.132666891416059
2024-07-05,"NA.",0.080996756882505,0.0558773561623918,0.123679094760329
2024-07-05,"NS",0.0125496186735993,0.00806466287682481,0.0252656317085368
2024-07-05,"oth",0.335924772896625,0.283645236328368,0.370618490697588
2024-07-12,"TS.LKD",0.0968745758067633,0.0729541190298806,0.124130822559388
2024-07-12,"LVZS",0.0769356055733077,0.0496991849545552,0.122405454957481
2024-07-12,"LSDP",0.160384430328023,0.11167361311523,0.230264915864183
2024-07-12,"LRLS",0.0544405353429317,0.0435514729266095,0.0643463636648482
2024-07-12,"DP",0.0296726665092536,0.0147787662214046,0.0819807673869335
2024-07-12,"LP",0.027188224043362,0.0162110057111092,0.0604023070631627
2024-07-12,"LLRA.KSS",0.0152681383591234,0.00765314089363653,0.0467727813490225
2024-07-12,"VL",0.0766249972160288,0.0498737675658975,0.133031571010951
2024-07-12,"NA.",0.0817909345427764,0.056337668618855,0.125290321186927
2024-07-12,"NS",0.0125601606337876,0.00808061633018476,0.0254492201631578
2024-07-12,"oth",0.335605395928446,0.282933129072398,0.370183175650632
2024-07-19,"TS.LKD",0.097296633162115,0.0733138012284436,0.124589834746851
2024-07-19,"LVZS",0.0764994646035145,0.0493404791552365,0.121953270105788
2024-07-19,"LSDP",0.160314018776526,0.111804710124274,0.229958755758195
2024-07-19,"LRLS",0.0545047526642838,0.0435962543123198,0.064497410295878
2024-07-19,"DP",0.0289007537110208,0.0142997711581952,0.0798265212418448
2024-07-19,"LP",0.0270376481862889,0.0161593768281631,0.0599290800252513
2024-07-19,"LLRA.KSS",0.0152731685716382,0.00767694128767534,0.0462506548217659
2024-07-19,"VL",0.0769651174595201,0.0500522183510353,0.13322880961496
2024-07-19,"NA.",0.0830099408278992,0.0571405351776044,0.127093156314652
2024-07-19,"NS",0.0125785207197338,0.00809622840582615,0.025616768664992
2024-07-19,"oth",0.335092776006577,0.282857473582566,0.369580363312453
2024-07-26,"TS.LKD",0.0977428816372405,0.0736227722927543,0.125274382503481
2024-07-26,"LVZS",0.0759720116995229,0.0490757410943619,0.121426606966717
2024-07-26,"LSDP",0.160140840775877,0.111664984095522,0.230098568652709
2024-07-26,"LRLS",0.0545725991302473,0.0437344039343329,0.0646026852593897
2024-07-26,"DP",0.0281040614780579,0.0139236567646177,0.0780231875684642
2024-07-26,"LP",0.0268293766469025,0.0160447268131936,0.059586783698923
2024-07-26,"LLRA.KSS",0.0152908310782048,0.00769487251462554,0.0459247302088559
2024-07-26,"VL",0.0772941178550039,0.0501932593876814,0.133846513050343
2024-07-26,"NA.",0.0844432757668372,0.0579463665966933,0.129724466219945
2024-07-26,"NS",0.012600531730763,0.00812087978572172,0.0256832732617421
2024-07-26,"oth",0.334485082399863,0.282805946228205,0.368829706734255
2024-08-02,"TS.LKD",0.0980547217948936,0.0738339951329187,0.125720102688901
2024-08-02,"LVZS",0.0755492732903854,0.0487274553018553,0.120575964540588
2024-08-02,"LSDP",0.159663630902561,0.111583375585203,0.230143509757327
2024-08-02,"LRLS",0.0546575375026327,0.0438077302621433,0.0646815370478128
2024-08-02,"DP",0.027351067076606,0.0135660186824974,0.0760602980988663
2024-08-02,"LP",0.0266610565787788,0.0158684985532219,0.0590795129317765
2024-08-02,"LLRA.KSS",0.0152691354657888,0.00769104868105355,0.0462338926103866
2024-08-02,"VL",0.0776457946071764,0.0506575183331018,0.133735745171237
2024-08-02,"NA.",0.086176870388812,0.0585378470859284,0.132789685041877
2024-08-02,"NS",0.0126039678570518,0.00814981048820961,0.0256533021044697
2024-08-02,"oth",0.333784609496952,0.28220191230639,0.368141768797625
2024-08-09,"TS.LKD",0.0982821512081446,0.0739717457120194,0.126304842552575
2024-08-09,"LVZS",0.0750198457856565,0.0484482600128283,0.120234872183293
2024-08-09,"LSDP",0.159271817480517,0.111417681123429,0.229750132036819
2024-08-09,"LRLS",0.0547180306586454,0.0438516893898877,0.0647220747629931
2024-08-09,"DP",0.0265797693193977,0.0131627650467321,0.0734973080966583
2024-08-09,"LP",0.0264465795099363,0.0157540787180459,0.0586149042288286
2024-08-09,"LLRA.KSS",0.0152266875497788,0.0076502358976753,0.0463230220440752
2024-08-09,"VL",0.0779002578282349,0.0507723545913498,0.134083864901977
2024-08-09,"NA.",0.088086006190166,0.0599879400823082,0.13600232149032
2024-08-09,"NS",0.0126178312441621,0.00815565845586346,0.025660079288624
2024-08-09,"oth",0.333062208623102,0.282042330561612,0.36727511191174
2024-08-16,"TS.LKD",0.098472371164119,0.074007854122698,0.126492061395963
2024-08-16,"LVZS",0.0745078933103754,0.0481513204727974,0.119858797528524
2024-08-16,"LSDP",0.158883129556437,0.110851337114612,0.229172957848814
2024-08-16,"LRLS",0.0546898107517781,0.0438156863183546,0.0647302523218758
2024-08-16,"DP",0.0258363634282383,0.0127187264579338,0.0713348227156168
2024-08-16,"LP",0.0262350647478415,0.0156020174105389,0.0580043515889547
2024-08-16,"LLRA.KSS",0.015219576265461,0.00763391167076257,0.0463114950508226
2024-08-16,"VL",0.0782343182638284,0.0508593944356829,0.13419393466114
2024-08-16,"NA.",0.0905800204015986,0.0616636395871746,0.138889153662635
2024-08-16,"NS",0.0126256905349328,0.00812576653327098,0.0256237943782771
2024-08-16,"oth",0.331883509027227,0.280852998007294,0.36609143242069
2024-08-23,"TS.LKD",0.0986188064852659,0.0740465831624717,0.126638613209699
2024-08-23,"LVZS",0.0740007651276716,0.0478651602845793,0.118804336538909
2024-08-23,"LSDP",0.158459049913913,0.110536062870025,0.228653818077144
2024-08-23,"LRLS",0.054696769929564,0.0438014721692253,0.064792387297352
2024-08-23,"DP",0.0250727324697466,0.0123398168074977,0.0693638982667014
2024-08-23,"LP",0.0259695602658977,0.0154122162022222,0.0572038217373767
2024-08-23,"LLRA.KSS",0.0152091717818446,0.00762331847590906,0.0462031983743718
2024-08-23,"VL",0.0786880008526728,0.0512496957299553,0.134907884563947
2024-08-23,"NA.",0.0935401754524504,0.0641900462618245,0.142975922229627
2024-08-23,"NS",0.0126393706425005,0.00811371598980785,0.025670909722176
2024-08-23,"oth",0.330783994489242,0.27961527685855,0.364810785395732
2024-08-31,"TS.LKD",0.0986695080840571,0.0742063752820903,0.126572607531825
2024-08-31,"LVZS",0.0734619871397718,0.0475168292484727,0.118091718300283
2024-08-31,"LSDP",0.157789927520947,0.110173295328423,0.227499972859575
2024-08-31,"LRLS",0.0546766446512231,0.0438077123219527,0.0648796605645321
2024-08-31,"DP",0.0242308439011006,0.0119596072405665,0.0673596100798846
2024-08-31,"LP",0.0257314716509125,0.0151912856923902,0.0567259306026431
2024-08-31,"LLRA.KSS",0.0152190300095886,0.00763145793696227,0.0463408458071521
2024-08-31,"VL",0.0791298954728682,0.0516130502352677,0.136037622149296
2024-08-31,"NA.",0.0969534048255703,0.0667699342636808,0.147902521113301
2024-08-31,"NS",0.0126331354011348,0.00807833893970948,0.0258801281829498
2024-08-31,"oth",0.329341816479421,0.279186171405009,0.363678425212575
2024-09-07,"TS.LKD",0.098646127027142,0.0742050713662565,0.126609999048056
2024-09-07,"LVZS",0.0729059016195993,0.0472598868928094,0.117238497824688
2024-09-07,"LSDP",0.157217913179361,0.109523421526787,0.226471304564984
2024-09-07,"LRLS",0.0545896204420209,0.043775533823662,0.0649121331414752
2024-09-07,"DP",0.0234385709899546,0.0115949560212934,0.065759843395071
2024-09-07,"LP",0.0254367624741234,0.0149488097057924,0.0559402867718823
2024-09-07,"LLRA.KSS",0.0151895921941134,0.00761630363215862,0.046290334728944
2024-09-07,"VL",0.0793427505813041,0.051897604873537,0.136051209464259
2024-09-07,"NA.",0.100658797658563,0.0693395934342478,0.152123088007309
2024-09-07,"NS",0.0126166593296146,0.008091072826733,0.0259584087981021
2024-09-07,"oth",0.327942468668351,0.278146890200966,0.362272272885247
2024-09-14,"TS.LKD",0.0985387465382403,0.0741283865698969,0.126471477780512
2024-09-14,"LVZS",0.0723322005976392,0.0468782771335562,0.116276755956758
2024-09-14,"LSDP",0.156357946731744,0.109180786979449,0.225560044283991
2024-09-14,"LRLS",0.0545333929076006,0.0436821820358824,0.0649997616374748
2024-09-14,"DP",0.0227154484565985,0.0112185110587226,0.0642357397505992
2024-09-14,"LP",0.0250634398534833,0.0147036849873023,0.0554693505892862
2024-09-14,"LLRA.KSS",0.0151800010252562,0.00760460391761126,0.0466343054014083
2024-09-14,"VL",0.0796715888200271,0.0522174050344624,0.136829815014783
2024-09-14,"NA.",0.104466163179851,0.0725305047345857,0.157358055226476
2024-09-14,"NS",0.0126104172984487,0.00808282265684005,0.0258413043644722
2024-09-14,"oth",0.326363967713504,0.276455925266048,0.36062188876299
2024-09-21,"TS.LKD",0.0984394948458634,0.0739882031554543,0.126060452474549
2024-09-21,"LVZS",0.071737929231723,0.0466548518526927,0.115924034748506
2024-09-21,"LSDP",0.155362322524575,0.108395319854015,0.224654239365039
2024-09-21,"LRLS",0.0544680971793139,0.0436107414501993,0.0649671652781535
2024-09-21,"DP",0.0220516059452929,0.0108705949998142,0.062697907440299
2024-09-21,"LP",0.0246868231376796,0.014508502219391,0.0550335145723828
2024-09-21,"LLRA.KSS",0.0151355870218258,0.00758609647171729,0.0462833486311554
2024-09-21,"VL",0.080049726828964,0.052552458157028,0.137702510322133
2024-09-21,"NA.",0.108498659460567,0.0751735070927464,0.163651838539657
2024-09-21,"NS",0.0126088418507568,0.00807403049272074,0.0257671704236979
2024-09-21,"oth",0.324623583588147,0.275259435963063,0.3587168743337
2024-09-28,"TS.LKD",0.0983286941418699,0.0739242154347939,0.126062763704429
2024-09-28,"LVZS",0.0711380833185994,0.0461617407507899,0.114961458998843
2024-09-28,"LSDP",0.154407683063566,0.107653694248221,0.223503314733099
2024-09-28,"LRLS",0.0543789406765415,0.0435600227164556,0.0649636462571234
2024-09-28,"DP",0.0214562536149434,0.0105641017513348,0.0612074924330156
2024-09-28,"LP",0.0243451084329565,0.0143130613794675,0.054305374487772
2024-09-28,"LLRA.KSS",0.0151119240865061,0.0075627371251964,0.0466201590462619
2024-09-28,"VL",0.0805226887953486,0.0529478912597889,0.138507899173617
2024-09-28,"NA.",0.112383178879399,0.0782745568663575,0.168706905420729
2024-09-28,"NS",0.0125979527489644,0.0080634927878209,0.0258118410260449
2024-09-28,"oth",0.323175053404455,0.273575619015466,0.357129294281058
2024-10-05,"TS.LKD",0.0981214656009355,0.0737958222028104,0.125771117258089
2024-10-05,"LVZS",0.0705881688841949,0.0458025442246229,0.113833574191915
2024-10-05,"LSDP",0.153330292141966,0.107064723062649,0.222084217144109
2024-10-05,"LRLS",0.0543160008782786,0.0434100019683616,0.0648963016403965
2024-10-05,"DP",0.0209313811383736,0.01024639672172,0.0600358838897932
2024-10-05,"LP",0.0239783734371941,0.0141023887305153,0.053242521488645
2024-10-05,"LLRA.KSS",0.0150919167505686,0.00757774626279935,0.0464291549034629
2024-10-05,"VL",0.0811126587995317,0.0534401804231873,0.13953301927085
2024-10-05,"NA.",0.116297362330522,0.080695212225931,0.175040236989423
2024-10-05,"NS",0.0125909922418802,0.0080440076480634,0.0259083587382281
2024-10-05,"oth",0.321496658784009,0.27219562542713,0.355374854193996
2024-10-12,"TS.LKD",0.0979140900355994,0.0736761375173721,0.12563221927593
2024-10-12,"LVZS",0.0700301306645998,0.045511287558662,0.113370847343294
2024-10-12,"LSDP",0.152468362527597,0.106582932213348,0.220584516395616
2024-10-12,"LRLS",0.0542760910192403,0.0433055102627391,0.0650836962516145
2024-10-12,"DP",0.0204655941986357,0.0100502342875746,0.0588757340995754
2024-10-12,"LP",0.0236195111592984,0.0138970642316719,0.0525442221127096
2024-10-12,"LLRA.KSS",0.0150796160738322,0.00761957376252296,0.0465868566665881
2024-10-12,"VL",0.081812561277542,0.0538469042418987,0.140771888565305
2024-10-12,"NA.",0.119862128425446,0.0832726529428992,0.179720342448802
2024-10-12,"NS",0.0125667074955433,0.00801677011690493,0.0258003259814411
2024-10-12,"oth",0.319949972008183,0.270875499418495,0.353364192716849
2024-10-19,"TS.LKD",0.0977631315392172,0.0735568752133365,0.125377117485642
2024-10-19,"LVZS",0.0695021880553781,0.045173255048411,0.112845606456792
2024-10-19,"LSDP",0.151556750676719,0.105894959268706,0.218859942546722
2024-10-19,"LRLS",0.0542577605623808,0.0432748364593177,0.0650457861003483
2024-10-19,"DP",0.0200678659557093,0.00984209102306368,0.0575540919174299
2024-10-19,"LP",0.0232324634331493,0.0137185044954558,0.0518365355458349
2024-10-19,"LLRA.KSS",0.0150858869900115,0.00758508501562065,0.0465508362059529
2024-10-19,"VL",0.082358727408779,0.0543338806917478,0.14236705729483
2024-10-19,"NA.",0.123335479309235,0.0856131062642339,0.184248358551083
2024-10-19,"NS",0.0125473864796411,0.00798087671553722,0.0260307629127269
2024-10-19,"oth",0.318601571930178,0.269729532576647,0.351967860289601
2024-10-26,"TS.LKD",0.0975186074127359,0.0734592040743722,0.125123119714293
2024-10-26,"LVZS",0.0690814658396812,0.0447559423203147,0.111842046438317
2024-10-26,"LSDP",0.150571668630885,0.105181444478215,0.21738501050285
2024-10-26,"LRLS",0.054269652717252,0.0432438723945285,0.0651611866792425
2024-10-26,"DP",0.0196550696370373,0.00966652370227143,0.0563876367230644
2024-10-26,"LP",0.0228636230259857,0.0135151682705797,0.0514676255240054
2024-10-26,"LLRA.KSS",0.0150879732244889,0.00758466038404478,0.0466485227054143
2024-10-26,"VL",0.0830289992226558,0.0551590418691183,0.14376866427149
2024-10-26,"NA.",0.12595116644327,0.0875095096955646,0.187995146433877
2024-10-26,"NS",0.0125006995187626,0.00793067159209559,0.025768207439685
2024-10-26,"oth",0.317414360155399,0.268236307963697,0.35098329862434
2024-11-02,"TS.LKD",0.0974832767990233,0.0734464134215596,0.12485937289348
2024-11-02,"LVZS",0.0686290484176877,0.0445390804465194,0.111220906218527
2024-11-02,"LSDP",0.149608406125798,0.104508186907917,0.216082672433328
2024-11-02,"LRLS",0.0542689868249995,0.0432783262777873,0.0651934759579027
2024-11-02,"DP",0.0192659686954928,0.00949666708964495,0.0556129432382609
2024-11-02,"LP",0.0225452794555735,0.0132695466072729,0.050656736378793
2024-11-02,"LLRA.KSS",0.0151224404425402,0.00759073643851175,0.0468743029796459
2024-11-02,"VL",0.084035751424691,0.0560311154590615,0.144631345695789
2024-11-02,"NA.",0.127970092407492,0.0893717489615471,0.190932044209988
2024-11-02,"NS",0.012476573639172,0.0079072298593116,0.025612307163557
2024-11-02,"oth",0.316159064277584,0.267305511391011,0.349828838753747
2024-11-09,"TS.LKD",0.0973850321396008,0.0733486567391848,0.124842399398575
2024-11-09,"LVZS",0.0682837150837708,0.0443258438886214,0.110686162009408
2024-11-09,"LSDP",0.148706367122568,0.103847367522469,0.214852632677666
2024-11-09,"LRLS",0.0542244599449039,0.0432701005536094,0.0653359234755846
2024-11-09,"DP",0.0189474012825935,0.00938324623403558,0.0544930181029984
2024-11-09,"LP",0.0222336662477928,0.0130601631682716,0.0498508880919334
2024-11-09,"LLRA.KSS",0.0151368945624136,0.00758517548486672,0.0468733082615714
2024-11-09,"VL",0.0850835333908399,0.0568408300725956,0.145995328985282
2024-11-09,"NA.",0.129928171097843,0.0906135016273307,0.19288785411533
2024-11-09,"NS",0.0124504148254925,0.00788999085199488,0.0254429642603358
2024-11-09,"oth",0.315305072610205,0.266284783035402,0.348709892999909
2024-11-16,"TS.LKD",0.09734279134322,0.0732969132971091,0.124622430062616
2024-11-16,"LVZS",0.0680466781842222,0.044179927132284,0.11029090266173
2024-11-16,"LSDP",0.148017053149221,0.103113414768548,0.214108908736627
2024-11-16,"LRLS",0.0542267044371253,0.0433072554292403,0.065412161030332
2024-11-16,"DP",0.0186602380423728,0.00920622618473383,0.0540204891371017
2024-11-16,"LP",0.0219709679523965,0.0128912592228423,0.0494857948130594
2024-11-16,"LLRA.KSS",0.0151858067020424,0.00761491829735047,0.0472243152611768
2024-11-16,"VL",0.0862891667195289,0.0574937520051826,0.148356304517283
2024-11-16,"NA.",0.131346246361741,0.0912871997345652,0.195321260639273
2024-11-16,"NS",0.0124360184267225,0.00788493787101568,0.0253048355089503
2024-11-16,"oth",0.31464733374945,0.265262435081756,0.34800706446825
2024-11-23,"TS.LKD",0.0973260018497382,0.0733943663944185,0.124378917234939
2024-11-23,"LVZS",0.0679081287249154,0.0440026193252688,0.110049570708517
2024-11-23,"LSDP",0.147229183698141,0.102552133561484,0.213161384348636
2024-11-23,"LRLS",0.0542642499324561,0.043306640457799,0.0655071719425701
2024-11-23,"DP",0.0184172532524825,0.00912641210565641,0.0535423907684263
2024-11-23,"LP",0.0217131172383557,0.0127150746308309,0.0490582358684802
2024-11-23,"LLRA.KSS",0.0152473483287747,0.00766007108319506,0.0472812314575463
2024-11-23,"VL",0.0876090421487425,0.0582980190263006,0.150863101153922
2024-11-23,"NA.",0.132086354283844,0.091995668426896,0.196428175323587
2024-11-23,"NS",0.0123964005091668,0.00788139435490364,0.0251762581654845
2024-11-23,"oth",0.314054198213003,0.264868385088047,0.347733275384008
2024-12-01,"TS.LKD",0.0974199298787988,0.0734783304595502,0.124400230622336
2024-12-01,"LVZS",0.0677439014034051,0.0437865727595913,0.109801686656282
2024-12-01,"LSDP",0.14654787404724,0.102000315164774,0.212454822850329
2024-12-01,"LRLS",0.0543464071385352,0.0433965770595135,0.0657612115365724
2024-12-01,"DP",0.0182015939836116,0.00899578726517499,0.0529886402344194
2024-12-01,"LP",0.0214630092137,0.0125374163232881,0.0484294837441432
2024-12-01,"LLRA.KSS",0.0153001187058603,0.00764741604019117,0.047356960506599
2024-12-01,"VL",0.0888684244209871,0.0591633679908955,0.153283513167614
2024-12-01,"NA.",0.132015029944119,0.091748512357152,0.197424136179991
2024-12-01,"NS",0.0123680807662741,0.00783800807305933,0.0250147710007864
2024-12-01,"oth",0.313763593763941,0.264984094066154,0.34737307943423
2024-12-08,"TS.LKD",0.0975027190195094,0.0735151467381635,0.124288073901845
2024-12-08,"LVZS",0.067625226680671,0.0437021587418079,0.109645340389629
2024-12-08,"LSDP",0.145796668616222,0.10145095011319,0.211916623109254
2024-12-08,"LRLS",0.0544368928744881,0.0433874027230665,0.0658968393781453
2024-12-08,"DP",0.0180572695933295,0.00893787421471279,0.0526244538379537
2024-12-08,"LP",0.0212907661125513,0.0123847656611106,0.047993874931597
2024-12-08,"LLRA.KSS",0.015382553240163,0.00766358880401887,0.0473437329593036
2024-12-08,"VL",0.0900731731169566,0.0598719074039762,0.155436889555193
2024-12-08,"NA.",0.131731683806522,0.0914679472746739,0.197384226242353
2024-12-08,"NS",0.0123307792351432,0.00779116841563866,0.0248112813104607
2024-12-08,"oth",0.31364162762481,0.264711296648695,0.347087163276377
2024-12-15,"TS.LKD",0.0976127098313279,0.0736967267929214,0.124534531655326
2024-12-15,"LVZS",0.0675775992527074,0.0435275237291726,0.109512876072608
2024-12-15,"LSDP",0.145147272665878,0.100749778270596,0.211462390709104
2024-12-15,"LRLS",0.0545516882436137,0.0434747375389437,0.0660522658098324
2024-12-15,"DP",0.0179483800257791,0.00886380649617677,0.0520528511443103
2024-12-15,"LP",0.0211546422108656,0.012274000253614,0.0476342286374527
2024-12-15,"LLRA.KSS",0.0154550534544511,0.00773479603278338,0.0473214329403945
2024-12-15,"VL",0.0914768662864689,0.0608219278610884,0.157477306560413
2024-12-15,"NA.",0.131168785948294,0.0907395235877323,0.196707408962776
2024-12-15,"NS",0.0122835805294572,0.00781709094178503,0.0245688520030159
2024-12-15,"oth",0.313930432349528,0.26516500499962,0.347083808069042
2024-12-22,"TS.LKD",0.0979221006488664,0.0738723420774612,0.124574742809582
2024-12-22,"LVZS",0.0675649655516629,0.0435723370619247,0.109622094219013
2024-12-22,"LSDP",0.144682164745286,0.100311846956896,0.210424843736027
2024-12-22,"LRLS",0.0546853776876152,0.0436584140079743,0.0662376756392109
2024-12-22,"DP",0.0178005694654294,0.00880037753339831,0.0513918563569718
2024-12-22,"LP",0.0209404484275928,0.012164525027067,0.0472664151406462
2024-12-22,"LLRA.KSS",0.0155493769981382,0.00779528861488931,0.0477213963950656
2024-12-22,"VL",0.0928619717661131,0.0614358646536579,0.15964986603965
2024-12-22,"NA.",0.1297447540629,0.0893899429369057,0.194377918919245
2024-12-22,"NS",0.0122789475965883,0.00779685859357212,0.024391705775619
2024-12-22,"oth",0.314242852869466,0.26505320267686,0.347726546768101
2024-12-29,"TS.LKD",0.0982419129069198,0.0741793671310618,0.124949107394803
2024-12-29,"LVZS",0.0676181174390936,0.0435903353937364,0.109578865683743
2024-12-29,"LSDP",0.144365562061966,0.100049620971374,0.209643566816034
2024-12-29,"LRLS",0.0548586665907881,0.0438131409670492,0.066469588559818
2024-12-29,"DP",0.0176781724063249,0.00880560651980814,0.0513118011718894
2024-12-29,"LP",0.0208545295458762,0.0120860501537211,0.047122566311038
2024-12-29,"LLRA.KSS",0.0156705088140272,0.00789666092925231,0.0481219091976351
2024-12-29,"VL",0.0942751605380157,0.0623586193045619,0.161418524826389
2024-12-29,"NA.",0.127675725168156,0.0879253408866704,0.191984772797721
2024-12-29,"NS",0.0122505775412482,0.00779476533456951,0.0243243765137143
2024-12-29,"oth",0.314816372711649,0.26551004390166,0.348464364666271
2025-01-05,"TS.LKD",0.0986117729938175,0.0744739535165792,0.125157448981107
2025-01-05,"LVZS",0.0676993222814481,0.0437200948931248,0.10951720040055
2025-01-05,"LSDP",0.144057855991918,0.0999185267058606,0.209073733224883
2025-01-05,"LRLS",0.0550305129448219,0.043961665128095,0.066566914023714
2025-01-05,"DP",0.0176695109088139,0.00879388143223417,0.0510912815503068
2025-01-05,"LP",0.0207471449507579,0.0120414975241189,0.0471049195187311
2025-01-05,"LLRA.KSS",0.0157790114761325,0.00793176719753669,0.048737290317665
2025-01-05,"VL",0.0954420979180414,0.0634439509433391,0.16300767004099
2025-01-05,"NA.",0.125046121968482,0.086484898978473,0.188580333535094
2025-01-05,"NS",0.0122381184027016,0.00781666351609959,0.0243058521038499
2025-01-05,"oth",0.315692623166691,0.266042285955365,0.349419204222399
2025-01-12,"TS.LKD",0.0990261030098659,0.0746554145402537,0.12548296940979
2025-01-12,"LVZS",0.0678299859757237,0.0439279523748084,0.110121527045173
2025-01-12,"LSDP",0.143899987949316,0.0998548918421504,0.208730430740679
2025-01-12,"LRLS",0.0552632932351297,0.0441376927280163,0.066724621725752
2025-01-12,"DP",0.0175892651809353,0.00881485606553261,0.0509665737359563
2025-01-12,"LP",0.0206962147790084,0.0120309622993899,0.047126996841428
2025-01-12,"LLRA.KSS",0.0159289082588621,0.00799554226725977,0.0490269139763743
2025-01-12,"VL",0.0966575651667485,0.0643426395320899,0.164461514164504
2025-01-12,"NA.",0.122315306183587,0.0848075114880455,0.185472407072726
2025-01-12,"NS",0.0121933563970489,0.00782112684188545,0.0241194883597788
2025-01-12,"oth",0.31668763343281,0.266754167554726,0.350559722033855
2025-01-19,"TS.LKD",0.0995288395491713,0.0750902495180849,0.126020942165637
2025-01-19,"LVZS",0.0680413220932901,0.0441703026813691,0.110288102835777
2025-01-19,"LSDP",0.143657091726883,0.0997790124983508,0.208669121061789
2025-01-19,"LRLS",0.0555074403336332,0.0443358174938576,0.0669958852855757
2025-01-19,"DP",0.0175811342760866,0.00880788081149711,0.0509232609609657
2025-01-19,"LP",0.0206476905967508,0.0120391051879529,0.0467249590618647
2025-01-19,"LLRA.KSS",0.0160689944090666,0.00808231182776685,0.0493487382902723
2025-01-19,"VL",0.097749867809979,0.0651224312614288,0.165797302500393
2025-01-19,"NA.",0.119494361791431,0.0831672551745323,0.182011342206981
2025-01-19,"NS",0.0121610378892836,0.00777155624880686,0.0242065427606625
2025-01-19,"oth",0.317604418186425,0.267851621712918,0.351527748325139
2025-01-26,"TS.LKD",0.0999587780942593,0.0755762472637144,0.126676982846455
2025-01-26,"LVZS",0.0682713667043059,0.0442710441342075,0.110307950848016
2025-01-26,"LSDP",0.143448348310142,0.0996473927788616,0.208582228426085
2025-01-26,"LRLS",0.055711398793116,0.0445447100729466,0.0671252170459324
2025-01-26,"DP",0.0175696608690059,0.00880404860011013,0.0507832101131637
2025-01-26,"LP",0.020598025466317,0.0120264368821989,0.0464668926855362
2025-01-26,"LLRA.KSS",0.0162158026739082,0.00820748365786758,0.0498656527469316
2025-01-26,"VL",0.0986905857595456,0.0656686191271084,0.166903460548799
2025-01-26,"NA.",0.116924534407142,0.0811581503783432,0.177900855093108
2025-01-26,"NS",0.0121304627196774,0.00774953937522858,0.0240817490164371
2025-01-26,"oth",0.31860308401714,0.269220396315364,0.352676457902744
2025-02-02,"TS.LKD",0.100395406155749,0.0760659536584931,0.126991144612937
2025-02-02,"LVZS",0.068459246392861,0.0443718807153289,0.110434087165112
2025-02-02,"LSDP",0.143293936405348,0.0993592916447229,0.207654748392447
2025-02-02,"LRLS",0.0559854561311442,0.0447676155946633,0.0672121269558009
2025-02-02,"DP",0.0175668014426959,0.00881890253930553,0.0509195245298167
2025-02-02,"LP",0.020544521412842,0.0120405367439451,0.0465640819694948
2025-02-02,"LLRA.KSS",0.0164111038966052,0.00834232589598301,0.0506216631130348
2025-02-02,"VL",0.0993928617918341,0.0659644596645901,0.167724028504049
2025-02-02,"NA.",0.114526461019626,0.0793955906864933,0.173645772385235
2025-02-02,"NS",0.0121059401963158,0.00773169237176911,0.0237702703912278
2025-02-02,"oth",0.3196626380258,0.269819422912131,0.353489752746445
2025-02-09,"TS.LKD",0.100809378728769,0.076531771121232,0.127555701774651
2025-02-09,"LVZS",0.0686523082500956,0.0445197189476741,0.110356262844881
2025-02-09,"LSDP",0.142902446110073,0.099258671270043,0.207375842149417
2025-02-09,"LRLS",0.0561925124679559,0.044959730040174,0.0673462676455321
2025-02-09,"DP",0.0175753142877544,0.0087827108157087,0.0510711107332232
2025-02-09,"LP",0.02054995868235,0.0120433579121305,0.046714441253551
2025-02-09,"LLRA.KSS",0.0166213524837471,0.00846925941904994,0.0516232991013851
2025-02-09,"VL",0.0999803398523254,0.0663891064448988,0.168709805846112
2025-02-09,"NA.",0.112155235295797,0.0777115565395826,0.169538118843367
2025-02-09,"NS",0.0120647360721282,0.00771838993975436,0.0238091797603048
2025-02-09,"oth",0.320646661472739,0.271107688214055,0.354312392192272
2025-02-16,"TS.LKD",0.101386456216342,0.0769184811095393,0.128261433325488
2025-02-16,"LVZS",0.0689418902251227,0.0446768092141249,0.110848236824775
2025-02-16,"LSDP",0.142622512676323,0.0989792907726903,0.206936745390714
2025-02-16,"LRLS",0.0564575630895688,0.0452460814184014,0.0674123009103488
2025-02-16,"DP",0.0176163800098828,0.00883247084639686,0.050917359158226
2025-02-16,"LP",0.020561709285704,0.0121123861747861,0.0467995482331404
2025-02-16,"LLRA.KSS",0.0168304041435317,0.00867004256064157,0.0523334915519059
2025-02-16,"VL",0.100305858007565,0.0668571161717146,0.169892927886006
2025-02-16,"NA.",0.109601045147653,0.0759005861394662,0.16573340429915
2025-02-16,"NS",0.0120411707504561,0.00770825446705773,0.0237852732400375
2025-02-16,"oth",0.321705448918497,0.272294957258555,0.355766564189611
2025-02-23,"TS.LKD",0.101995062062667,0.0773536937520444,0.128826348535373
2025-02-23,"LVZS",0.0691244476162844,0.0448748240341183,0.111421748204594
2025-02-23,"LSDP",0.142409681084346,0.0988046201642767,0.206840618288643
2025-02-23,"LRLS",0.0567425832426996,0.0455064115633679,0.0676883469538757
2025-02-23,"DP",0.0176544056727598,0.00883362647372178,0.0508131839038128
2025-02-23,"LP",0.0205983131169223,0.0121060809962437,0.0469216480599361
2025-02-23,"LLRA.KSS",0.0170750365180357,0.00884716975152186,0.0531865203127347
2025-02-23,"VL",0.100724152746315,0.0670717267512438,0.170432553423468
2025-02-23,"NA.",0.106590420407861,0.0738888512760989,0.161714954548273
2025-02-23,"NS",0.0120233427250033,0.00768323034552144,0.0235306851123864
2025-02-23,"oth",0.322927988800028,0.273525959184641,0.357216148362259
2025-03-03,"TS.LKD",0.102678127695219,0.0779505130850001,0.129555557328105
2025-03-03,"LVZS",0.0694016508551071,0.0450893730311914,0.111855188503003
2025-03-03,"LSDP",0.142454474721126,0.0983995872609036,0.206319119324475
2025-03-03,"LRLS",0.0570110478630412,0.0457135395489948,0.0679305958059125
2025-03-03,"DP",0.0176476268638176,0.00880763985641276,0.0508596025146867
2025-03-03,"LP",0.0206463433675724,0.0121836908490224,0.0469669006818601
2025-03-03,"LLRA.KSS",0.0172937409837587,0.00893776675093107,0.0540159091171856
2025-03-03,"VL",0.101118384216844,0.0672618065154944,0.171129183015156
2025-03-03,"NA.",0.103494718756874,0.071776187941422,0.157138678835477
2025-03-03,"NS",0.0119974776791731,0.00765042439284886,0.0235414990009581
2025-03-03,"oth",0.324408988891837,0.274757382985296,0.358900546798599
2025-03-10,"TS.LKD",0.103438976540544,0.078374215313625,0.130457746706982
2025-03-10,"LVZS",0.0697062153807516,0.0453111730841255,0.112167032559391
2025-03-10,"LSDP",0.142431138934833,0.0985326091102104,0.205795253659474
2025-03-10,"LRLS",0.0573213320738271,0.0459749453958094,0.0680363051822935
2025-03-10,"DP",0.0176673085347788,0.00881787217742149,0.0509451975824067
2025-03-10,"LP",0.0207332322360143,0.0122616820605394,0.0470983483143525
2025-03-10,"LLRA.KSS",0.017606359925202,0.0090877583518925,0.0550638615820376
2025-03-10,"VL",0.10119462206712,0.0673735497821958,0.171417860929866
2025-03-10,"NA.",0.100385840780292,0.0695280735201239,0.153134515335426
2025-03-10,"NS",0.0119810890209672,0.00763640729670571,0.0235958473703182
2025-03-10,"oth",0.325844447954757,0.275796016638732,0.360136864109003
2025-03-17,"TS.LKD",0.104117034265607,0.0789159035026308,0.131286699443315
2025-03-17,"LVZS",0.0700109414524089,0.0454231409603277,0.112489145242009
2025-03-17,"LSDP",0.142398471080098,0.0986094539471491,0.205733192937306
2025-03-17,"LRLS",0.0575740011715105,0.0462406129299563,0.0682917734939534
2025-03-17,"DP",0.0177202859931865,0.00884982736214359,0.0510168741300877
2025-03-17,"LP",0.0208252989547703,0.0123240364173782,0.0471789057190028
2025-03-17,"LLRA.KSS",0.0179147338356769,0.00920516007330204,0.0558487370955506
2025-03-17,"VL",0.101287940579478,0.0676091482458565,0.172114517429366
2025-03-17,"NA.",0.0972697990259996,0.0673869461965324,0.148345783211767
2025-03-17,"NS",0.0119438312575463,0.00762869490782548,0.0236160098258031
2025-03-17,"oth",0.327330839094754,0.277319771304588,0.361432451293467
2025-03-24,"TS.LKD",0.104682246228608,0.0795516017125427,0.132183371721016
2025-03-24,"LVZS",0.0703113590678648,0.045606392065959,0.112848063274931
2025-03-24,"LSDP",0.142259453849213,0.0986097141319672,0.20576737745516
2025-03-24,"LRLS",0.0578896206687789,0.0465357636894225,0.0684458299314102
2025-03-24,"DP",0.01773765253743,0.00886161407129145,0.0510947089525927
2025-03-24,"LP",0.0209011506146753,0.0123719704773598,0.0472676807301191
2025-03-24,"LLRA.KSS",0.0182037155611259,0.00938055674562924,0.0566061107751897
2025-03-24,"VL",0.101425069717283,0.067559988010587,0.17232017858907
2025-03-24,"NA.",0.0941318750534873,0.0653493447277282,0.143829395700372
2025-03-24,"NS",0.0119129003997023,0.0076163979582073,0.0236689819459733
2025-03-24,"oth",0.328740519773833,0.278733969431706,0.362806404344115
2025-03-31,"TS.LKD",0.105435437540294,0.0800232815456406,0.133235781829296
2025-03-31,"LVZS",0.0705984159025826,0.0458606911706645,0.113705931537017
2025-03-31,"LSDP",0.142087042266501,0.0983291357806419,0.205691569953238
2025-03-31,"LRLS",0.0581433766541834,0.0468089123541423,0.0687899974319888
2025-03-31,"DP",0.0177260263070829,0.00886402542257195,0.0512720281151321
2025-03-31,"LP",0.0210052712455961,0.0124280316929627,0.0474759837995633
2025-03-31,"LLRA.KSS",0.0184746658948973,0.00952024354475917,0.0572561210154201
2025-03-31,"VL",0.101532949067607,0.0678676633840702,0.172711071269648
2025-03-31,"NA.",0.0912297224709396,0.0629826614423704,0.139333954118799
2025-03-31,"NS",0.0118698710664439,0.00758161382833667,0.0236165896151247
2025-03-31,"oth",0.330064178294049,0.279595547650941,0.364076637980367
2025-04-07,"TS.LKD",0.106040190266833,0.0804387427591717,0.133943971443215
2025-04-07,"LVZS",0.0710109806169867,0.0462368060810268,0.114578917252799
2025-04-07,"LSDP",0.142040893394049,0.0980415530464879,0.205598851432911
2025-04-07,"LRLS",0.058408392310077,0.0470412091307757,0.0691297387914041
2025-04-07,"DP",0.0177738568493215,0.00887629492740923,0.0510544780152539
2025-04-07,"LP",0.0211262674838308,0.0124921670420911,0.0476431425765339
2025-04-07,"LLRA.KSS",0.0187620545701964,0.00972750276635332,0.0580809714095053
2025-04-07,"VL",0.101516144854263,0.0680636067253933,0.17320074592702
2025-04-07,"NA.",0.0882579074540214,0.0609715354944617,0.135310323834915
2025-04-07,"NS",0.0118291002411084,0.00754142454529249,0.0235452941848332
2025-04-07,"oth",0.331492796885177,0.280918939578571,0.365477483996767
2025-04-14,"TS.LKD",0.106772685831294,0.0809636540726966,0.134891764517399
2025-04-14,"LVZS",0.071390586260426,0.0465791156381172,0.115106557720328
2025-04-14,"LSDP",0.141793763723511,0.0979140373902479,0.205447346510813
2025-04-14,"LRLS",0.0587094302916226,0.0472667690495198,0.0695108457389101
2025-04-14,"DP",0.0177998851937658,0.00888555248126025,0.0510731142205801
2025-04-14,"LP",0.0212939005037277,0.0125844565922787,0.0478860243724979
2025-04-14,"LLRA.KSS",0.0190231776247174,0.00991845705329971,0.0590068936466327
2025-04-14,"VL",0.101449160100988,0.067977864856821,0.173554187954634
2025-04-14,"NA.",0.0854054089267454,0.0588208610950713,0.131423397778499
2025-04-14,"NS",0.0118079290565156,0.00748736244974968,0.0235765550415617
2025-04-14,"oth",0.33310690529356,0.281941593456618,0.367142078349778
2025-04-21,"TS.LKD",0.10743882676309,0.0815624149005405,0.136108645552564
2025-04-21,"LVZS",0.0716968068513225,0.0467860582248226,0.115517238478527
2025-04-21,"LSDP",0.141598762355087,0.097686663309678,0.205308538069638
2025-04-21,"LRLS",0.059033163476362,0.047535619625126,0.0699394690871186
2025-04-21,"DP",0.0178377793285377,0.00890392994940156,0.0513002052798506
2025-04-21,"LP",0.0214284084631678,0.0127093912644593,0.0482831761955367
2025-04-21,"LLRA.KSS",0.0193086820321797,0.0101086521924233,0.0593796197848179
2025-04-21,"VL",0.101206998089454,0.0679931808710585,0.174046173418413
2025-04-21,"NA.",0.0822792090716206,0.0568158660627809,0.126046376427255
2025-04-21,"NS",0.0117919140071341,0.00751507955384445,0.0236275939843545
2025-04-21,"oth",0.334769076785991,0.283456562001892,0.368585853407266
2025-04-28,"TS.LKD",0.108237335181008,0.0821618980747512,0.137227915067989
2025-04-28,"LVZS",0.0720461777916627,0.0470257381519833,0.115848960182246
2025-04-28,"LSDP",0.1412682391673,0.0976180941024418,0.205002080988431
2025-04-28,"LRLS",0.0593345886129779,0.0477574359590681,0.0703345614253468
2025-04-28,"DP",0.0178857805824268,0.00891456133299046,0.0512659106564553
2025-04-28,"LP",0.0215631932928184,0.0128281581011459,0.0485195036275083
2025-04-28,"LLRA.KSS",0.019549040660061,0.0102526125964114,0.0596143628420982
2025-04-28,"VL",0.101045688081901,0.0678277267052593,0.173310361068042
2025-04-28,"NA.",0.0792419130131674,0.0547443565318881,0.121061922608923
2025-04-28,"NS",0.0117587805949553,0.00749580229516313,0.0234938706823426
2025-04-28,"oth",0.336277773535885,0.284881980021715,0.370520414875137
2025-05-05,"TS.LKD",0.109042073433927,0.0828978444048356,0.138110174179487
2025-05-05,"LVZS",0.0723341604145212,0.047355469673124,0.11629071046654
2025-05-05,"LSDP",0.140969976715663,0.0975363573979834,0.204592784985823
2025-05-05,"LRLS",0.0597268611345465,0.0480451664598452,0.070637825020838
2025-05-05,"DP",0.0179271454854446,0.00889574555243044,0.0514150714400577
2025-05-05,"LP",0.0216907080623692,0.0129056518945731,0.0491427677035063
2025-05-05,"LLRA.KSS",0.0198222035455604,0.0103837584540519,0.0608238254506331
2025-05-05,"VL",0.10082056766646,0.0675225172518753,0.173180150844372
2025-05-05,"NA.",0.0760637942024895,0.0525865066400794,0.116887762310587
2025-05-05,"NS",0.0117167659334811,0.00746225296274228,0.0235683708827647
2025-05-05,"oth",0.337850250521269,0.286162252537239,0.37217674806274
2025-05-12,"TS.LKD",0.109856766889109,0.0835284468125272,0.13903524555209
2025-05-12,"LVZS",0.0727059714693911,0.0475835003347243,0.116812989764036
2025-05-12,"LSDP",0.14062326996631,0.0974099642879758,0.204379899645469
2025-05-12,"LRLS",0.0600635149380501,0.0481474967491017,0.0710847770448696
2025-05-12,"DP",0.017924672632826,0.00894286413287634,0.0515048152811064
2025-05-12,"LP",0.0218248162534033,0.0130012815946138,0.0492671414457087
2025-05-12,"LLRA.KSS",0.020033062962582,0.0105811223651807,0.0617980082549295
2025-05-12,"VL",0.100441814306691,0.067024813904288,0.172676378626684
2025-05-12,"NA.",0.0734535345498054,0.0504357948189229,0.113133367319929
2025-05-12,"NS",0.011720206038301,0.00740926100644655,0.0234981756498605
2025-05-12,"oth",0.339486193555131,0.287930735586494,0.373970636710915
2025-05-19,"TS.LKD",0.110604265559325,0.0839323045477606,0.139935164047847
2025-05-19,"LVZS",0.0730926991988212,0.047749336034179,0.117328669769632
2025-05-19,"LSDP",0.140232298855073,0.0972412270233104,0.204326786110287
2025-05-19,"LRLS",0.0603068453619712,0.0485038563985307,0.0714360968348839
2025-05-19,"DP",0.0179117532434729,0.00888959815936406,0.0516722430029173
2025-05-19,"LP",0.0219878977106623,0.0131262920207143,0.0494227070892135
2025-05-19,"LLRA.KSS",0.0203105877725269,0.0107339001308308,0.0626692245487577
2025-05-19,"VL",0.0998742346433847,0.0665467890642396,0.171173809993833
2025-05-19,"NA.",0.0709754115082356,0.0488983138954984,0.109762952481258
2025-05-19,"NS",0.0117369999955228,0.00742970279191832,0.0235111898853227
2025-05-19,"oth",0.340847133470583,0.288956815448683,0.375543435457767
2025-05-26,"TS.LKD",0.11135305399592,0.0843766331513938,0.140599309735761
2025-05-26,"LVZS",0.0734015967361633,0.0478927413447831,0.118043530551189
2025-05-26,"LSDP",0.139825365436564,0.0969267424237404,0.203971755456873
2025-05-26,"LRLS",0.0605556018310105,0.0487502483908829,0.0716779023810256
2025-05-26,"DP",0.017937439454255,0.00885400402238376,0.0514553089680848
2025-05-26,"LP",0.0221963731219891,0.013264157447721,0.0499180670970895
2025-05-26,"LLRA.KSS",0.0205003788906103,0.010811062485109,0.0633746025650392
2025-05-26,"VL",0.099422865081324,0.0658774960953904,0.170741739982212
2025-05-26,"NA.",0.069070911550026,0.0474184319442027,0.106321381002203
2025-05-26,"NS",0.0117157181224665,0.00743419858802308,0.023394523545602
2025-05-26,"oth",0.34225802836596,0.290231134602456,0.376843682174819
2025-06-03,"TS.LKD",0.111985941736891,0.08478597822113,0.141283786663181
2025-06-03,"LVZS",0.073670172722349,0.0480600652530284,0.118551539460648
2025-06-03,"LSDP",0.139438138442103,0.0966170169018843,0.203514860419525
2025-06-03,"LRLS",0.0608378782636483,0.0488832534066837,0.0719178142873975
2025-06-03,"DP",0.0179433830354096,0.00887092076219659,0.0514741214567275
2025-06-03,"LP",0.0223714050022074,0.0133271680165429,0.050448932509097
2025-06-03,"LLRA.KSS",0.020678871508947,0.010900763933929,0.0639313853708015
2025-06-03,"VL",0.0987973803084572,0.0655388880552347,0.168725693777416
2025-06-03,"NA.",0.0674747753014005,0.0461846001333523,0.104236077986622
2025-06-03,"NS",0.0117055190424551,0.00742789746932915,0.0231483969658823
2025-06-03,"oth",0.343545669484385,0.291468851743685,0.378160203673458
2025-06-10,"TS.LKD",0.112689416378123,0.085221967440952,0.142304130487369
2025-06-10,"LVZS",0.0739652672157539,0.0482445745642418,0.118704959390506
2025-06-10,"LSDP",0.138718453902347,0.0963571223335387,0.202817657122813
2025-06-10,"LRLS",0.0610723785048018,0.0490656986091501,0.0721880883165169
2025-06-10,"DP",0.0179478336875839,0.00881415484334945,0.0516668296741724
2025-06-10,"LP",0.0225466432040956,0.0134335316681667,0.0507166880704199
2025-06-10,"LLRA.KSS",0.0208175039177746,0.0109900779735103,0.0642790440377874
2025-06-10,"VL",0.0979705556966246,0.0649148945925806,0.167829564528175
2025-06-10,"NA.",0.0662765064414715,0.0453036877124759,0.101709629664803
2025-06-10,"NS",0.0117000622313127,0.00741167468790311,0.0230974623486139
2025-06-10,"oth",0.344354833976494,0.292619213067724,0.379206063536603
2025-06-17,"TS.LKD",0.113405522893347,0.0856531304763444,0.14304459949105
2025-06-17,"LVZS",0.0741912224054984,0.0483476298582016,0.11895451488811
2025-06-17,"LSDP",0.138107758983368,0.0957407857045426,0.201957033842618
2025-06-17,"LRLS",0.0612185870700007,0.049174288971546,0.0724703778644674
2025-06-17,"DP",0.0179106559579422,0.00875274835971439,0.0516897369035895
2025-06-17,"LP",0.0226771959430045,0.0135634892975299,0.0509810999623922
2025-06-17,"LLRA.KSS",0.0209654003071686,0.011024844718174,0.0647698831464429
2025-06-17,"VL",0.0974177283398252,0.0647305196351754,0.167173255889929
2025-06-17,"NA.",0.0653387709469614,0.0442864299393217,0.100189507582988
2025-06-17,"NS",0.0116973309373259,0.00740935589981905,0.0231190715538486
2025-06-17,"oth",0.345260875295956,0.292644231932779,0.380394865859897
2025-06-24,"TS.LKD",0.114001738409887,0.0861349217915904,0.143842983814934
2025-06-24,"LVZS",0.0744282011660912,0.0485566544307026,0.119394234871084
2025-06-24,"LSDP",0.137478480982742,0.0953038168522097,0.200314264634874
2025-06-24,"LRLS",0.0613715365956421,0.0493870607101822,0.0727991466227699
2025-06-24,"DP",0.0178674708379408,0.00873682558542721,0.0514754724064485
2025-06-24,"LP",0.0228760739218751,0.0137069479940391,0.0514671210372883
2025-06-24,"LLRA.KSS",0.021075601830375,0.0110669972751966,0.0650274399972968
2025-06-24,"VL",0.0968333807314634,0.0644665012734891,0.165708389835551
2025-06-24,"NA.",0.0646672771922071,0.0436575172212773,0.0993958170273364
2025-06-24,"NS",0.0117219900717286,0.00740744308342667,0.0231063583817171
2025-06-24,"oth",0.34607435775485,0.293700410532939,0.381185367833302
2025-07-01,"TS.LKD",0.114807034328403,0.0866234276341554,0.144453564714541
2025-07-01,"LVZS",0.0745878360112639,0.0488049871717222,0.119289814104331
2025-07-01,"LSDP",0.136801545635943,0.0946377684542623,0.199080774781649
2025-07-01,"LRLS",0.0614920024789926,0.0495463213106903,0.0728546863588169
2025-07-01,"DP",0.0178345994327025,0.00871929737746292,0.051350850300045
2025-07-01,"LP",0.0230455302230764,0.0137852906844486,0.0515589709917552
2025-07-01,"LLRA.KSS",0.021163725709777,0.0110757143359072,0.0652892692084203
2025-07-01,"VL",0.0962381756948601,0.0639105902353567,0.164431426606383
2025-07-01,"NA.",0.0643182061227659,0.0430489889943134,0.0987483631319735
2025-07-01,"NS",0.0117212761730016,0.00741543547254376,0.0232067518357277
2025-07-01,"oth",0.34685540245162,0.294156316660526,0.381785400961245
2025-07-08,"TS.LKD",0.115373267606935,0.087063878249468,0.14516614259908
2025-07-08,"LVZS",0.0747341423151039,0.0489177644239863,0.119512642746594
2025-07-08,"LSDP",0.135915744512789,0.0941000807840653,0.197927929736153
2025-07-08,"LRLS",0.0615887575920026,0.0497245720618442,0.0728290584224927
2025-07-08,"DP",0.0178057802467801,0.00867680278719007,0.0511428430181626
2025-07-08,"LP",0.0232104113369299,0.0138547688291647,0.0516873908821417
2025-07-08,"LLRA.KSS",0.0212744148190881,0.0110545630655386,0.0654844078459358
2025-07-08,"VL",0.0956277315460617,0.0632773459206724,0.16346360869837
2025-07-08,"NA.",0.0641080501519134,0.0428894384905826,0.0991014918631585
2025-07-08,"NS",0.0117251549732856,0.00740495655275085,0.0232168625818023
2025-07-08,"oth",0.347427316716883,0.294513407093892,0.3820345589775
2025-07-15,"TS.LKD",0.115867944420312,0.087503634288007,0.145787450400834
2025-07-15,"LVZS",0.0749724322259834,0.0490462029588002,0.119679657112555
2025-07-15,"LSDP",0.135029211201965,0.0934385014926663,0.196949556701983
2025-07-15,"LRLS",0.0616284121226855,0.0498265714932251,0.0728921729577453
2025-07-15,"DP",0.0177477176884267,0.00867498897945929,0.0508590928526957
2025-07-15,"LP",0.0233671264842367,0.0139659086916142,0.0520199653474961
2025-07-15,"LLRA.KSS",0.0212881859929737,0.0110796765774547,0.0658344865574629
2025-07-15,"VL",0.0949921281541416,0.062747886262137,0.162530318899237
2025-07-15,"NA.",0.0645276581215674,0.0432213828893099,0.0997863709669898
2025-07-15,"NS",0.0117411048505656,0.00740860251563337,0.0233239818691165
2025-07-15,"oth",0.347751031119173,0.294076716415726,0.382367339902173
2025-07-22,"TS.LKD",0.116323736528582,0.0880304347908901,0.146358862293208
2025-07-22,"LVZS",0.075069674088647,0.049207858462469,0.119981027885467
2025-07-22,"LSDP",0.13408112636276,0.0928551252317914,0.195224686731994
2025-07-22,"LRLS",0.0616082168290444,0.0498773174473857,0.072960157127552
2025-07-22,"DP",0.0177216870408872,0.00866267039165645,0.0508435699731089
2025-07-22,"LP",0.0235216754562124,0.0140254162297817,0.0520636962349748
2025-07-22,"LLRA.KSS",0.021287938082696,0.0110453418856449,0.0657493888491925
2025-07-22,"VL",0.09420303946214,0.0623435852770491,0.160887245721298
2025-07-22,"NA.",0.0654514031359703,0.0437520232596435,0.101510788362016
2025-07-22,"NS",0.0117551253037134,0.00742929161081483,0.023482712194653
2025-07-22,"oth",0.347806580656144,0.294418242084117,0.382214819657946
2025-07-29,"TS.LKD",0.116710158919081,0.0884875119858448,0.146859928980212
2025-07-29,"LVZS",0.0751546864558692,0.0493569752930293,0.119967686622065
2025-07-29,"LSDP",0.133061365722399,0.0922234435490064,0.193886337985905
2025-07-29,"LRLS",0.0615767290476297,0.0498961034317232,0.0728780878754443
2025-07-29,"DP",0.0176383162795307,0.00863191253803147,0.0508577763529927
2025-07-29,"LP",0.0236160016691722,0.0140994967620735,0.0522550170839789
2025-07-29,"LLRA.KSS",0.0212614508861897,0.0109753870895598,0.065562505217665
2025-07-29,"VL",0.0933568787626666,0.061758173615585,0.159267257555355
2025-07-29,"NA.",0.0669990717881466,0.0452095137073575,0.10426852080502
2025-07-29,"NS",0.0117613261423231,0.00747593245528131,0.0235252868043576
2025-07-29,"oth",0.347666797533132,0.294989265109071,0.381956014112405
2025-08-05,"TS.LKD",0.117051039457869,0.0887816501015323,0.147008453220638
2025-08-05,"LVZS",0.0751830516749099,0.0494935266356215,0.120020082342644
2025-08-05,"LSDP",0.131997550104301,0.0913603942113135,0.191523395053416
2025-08-05,"LRLS",0.0615783673290073,0.0498231241352338,0.0727003702155395
2025-08-05,"DP",0.0176040106036426,0.00862120694855462,0.0506342413270255
2025-08-05,"LP",0.0236619096971773,0.014106524339377,0.0523333904718415
2025-08-05,"LLRA.KSS",0.0211537250301387,0.0109506804263436,0.0650250704358193
2025-08-05,"VL",0.0925446325477119,0.0613523929981134,0.157512035269525
2025-08-05,"NA.",0.0690530522514392,0.0466837610748882,0.107110338142158
2025-08-05,"NS",0.0117722309685567,0.00749878593762361,0.0235686871866624
2025-08-05,"oth",0.347345604209889,0.294901399755697,0.38168148872937
2025-08-12,"TS.LKD",0.117498418926649,0.089082147039299,0.147460507478867
2025-08-12,"LVZS",0.0752075377104383,0.0495163179254239,0.119862177858209
2025-08-12,"LSDP",0.130833624733183,0.0904229402110461,0.190698096765117
2025-08-12,"LRLS",0.0615070283481517,0.0497937003619517,0.0727566305395576
2025-08-12,"DP",0.0175655468161453,0.00857751283745919,0.0504466379560228
2025-08-12,"LP",0.0237446187208862,0.0141192626083674,0.0524975594583985
2025-08-12,"LLRA.KSS",0.021064729141477,0.0109161990714628,0.0644016971121926
2025-08-12,"VL",0.091749522578929,0.0610835351145505,0.155450048848983
2025-08-12,"NA.",0.0715089901766996,0.0486261530322016,0.110466415220909
2025-08-12,"NS",0.0117825355126147,0.00752519253150493,0.0235482437656964
2025-08-12,"oth",0.346823618326595,0.294601490187477,0.381195578042033
2025-08-19,"TS.LKD",0.117689996417258,0.0893141423679029,0.14774071545848
2025-08-19,"LVZS",0.0752398379070934,0.0494958374559522,0.119884860213233
2025-08-19,"LSDP",0.129592420302939,0.0896135596695539,0.18934977649513
2025-08-19,"LRLS",0.0614070585960298,0.0497892738724917,0.0723946461821573
2025-08-19,"DP",0.0175410641873789,0.00857913401169966,0.0504836138401867
2025-08-19,"LP",0.0238126151356571,0.0141257531755066,0.0527535750138225
2025-08-19,"LLRA.KSS",0.0209078758841926,0.0108493819920803,0.0641875902076677
2025-08-19,"VL",0.0909670072738994,0.0604116274182744,0.15469712153945
2025-08-19,"NA.",0.0741073354806017,0.0506824599227103,0.114323825044964
2025-08-19,"NS",0.0118060323581873,0.00751655836085306,0.0236428516397115
2025-08-19,"oth",0.346249855374095,0.294949745437683,0.380868616010486
2025-08-26,"TS.LKD",0.117875553177309,0.0896149666463344,0.148638445258616
2025-08-26,"LVZS",0.0753155280162613,0.049443780548237,0.119677222739842
2025-08-26,"LSDP",0.128233184231331,0.0885661029563059,0.187262711530074
2025-08-26,"LRLS",0.0612933543561014,0.0496917920418046,0.0722982949385322
2025-08-26,"DP",0.0174530824716849,0.00857074276277023,0.050220974935881
2025-08-26,"LP",0.023858686600462,0.0141227215609523,0.0527594042870866
2025-08-26,"LLRA.KSS",0.0207842553790408,0.0107493725381282,0.0639521397897609
2025-08-26,"VL",0.0903160681309022,0.0600820078462464,0.154128973665446
2025-08-26,"NA.",0.0766746115315307,0.052284970227629,0.117674758676448
2025-08-26,"NS",0.0118359022762686,0.00756785811821781,0.0236290525075094
2025-08-26,"oth",0.345800467774781,0.295154303381125,0.380277850205501
2025-09-03,"TS.LKD",0.118151458695435,0.0898904513131402,0.148969694849119
2025-09-03,"LVZS",0.0753863135174785,0.0494358733933826,0.119710123116323
2025-09-03,"LSDP",0.126988258547507,0.0874022064336193,0.18547726503097
2025-09-03,"LRLS",0.0611820557558725,0.0495470159223326,0.0721824067832568
2025-09-03,"DP",0.0174009234557404,0.00857603450922045,0.0502385406444523
2025-09-03,"LP",0.0239021096109326,0.0140968380752821,0.0528926172855771
2025-09-03,"LLRA.KSS",0.0206798244839179,0.0106914587511867,0.0635921916783748
2025-09-03,"VL",0.0898900218980805,0.0597119750519567,0.153425612572449
2025-09-03,"NA.",0.0788343755964207,0.0540816162458729,0.121649378039069
2025-09-03,"NS",0.0118559954821343,0.00760082176694928,0.0236498881881601
2025-09-03,"oth",0.345309827820153,0.295245141995261,0.379614414808911
2025-09-10,"TS.LKD",0.118471853739328,0.0902285865697068,0.149245893949795
2025-09-10,"LVZS",0.0754298622479895,0.0494072437777389,0.120128838679809
2025-09-10,"LSDP",0.12569159513894,0.0867330290431998,0.183894509929615
2025-09-10,"LRLS",0.0610857321852138,0.0494801189543623,0.0720203324334464
2025-09-10,"DP",0.0173374060628549,0.00858447884872541,0.0499219955710985
2025-09-10,"LP",0.023919947424961,0.0140703079527654,0.0526405496778289
2025-09-10,"LLRA.KSS",0.0204845239106531,0.0106223551622594,0.063313582218863
2025-09-10,"VL",0.0896415775817522,0.0593914930767593,0.152909636402756
2025-09-10,"NA.",0.0806079523151815,0.0552925416302161,0.123760311603059
2025-09-10,"NS",0.0118832853597529,0.00766453933372638,0.0237797298586056
2025-09-10,"oth",0.344981170050367,0.2949210083333,0.379113985892357
2025-09-17,"TS.LKD",0.118846548248592,0.0905145320535935,0.149856868179406
2025-09-17,"LVZS",0.0754975571861473,0.0494099066871391,0.12017643074712
2025-09-17,"LSDP",0.124419666303038,0.0859042321533977,0.182459287206031
2025-09-17,"LRLS",0.0610880204569672,0.0493723269719379,0.0719880254151576
2025-09-17,"DP",0.0173410694508737,0.00857420907664241,0.0499230874667129
2025-09-17,"LP",0.0239484690833592,0.0140611464274498,0.0526283145748496
2025-09-17,"LLRA.KSS",0.0203087901809508,0.0105306869088418,0.0630209655824351
2025-09-17,"VL",0.0894709658421576,0.0596602661360767,0.152363440249006
2025-09-17,"NA.",0.0816303438347639,0.0558778198715057,0.124856923952822
2025-09-17,"NS",0.0119373640937065,0.00772508263026681,0.0239262714409076
2025-09-17,"oth",0.345024890252673,0.294743947420851,0.378936201513563
2025-09-24,"TS.LKD",0.119190555188739,0.0907669357747615,0.150445480584772
2025-09-24,"LVZS",0.0755616815420471,0.0494201079428363,0.120636328111779
2025-09-24,"LSDP",0.123247898200493,0.0849337816251894,0.180653157635492
2025-09-24,"LRLS",0.0610716768805837,0.0495262451728854,0.072069168018448
2025-09-24,"DP",0.017356955694447,0.00855213400203695,0.0501099045730346
2025-09-24,"LP",0.0239674906475093,0.014126564055842,0.0527891958535309
2025-09-24,"LLRA.KSS",0.0201436881693934,0.0104265507860694,0.0623374989694569
2025-09-24,"VL",0.0894755165700328,0.0594990292921838,0.152403603895189
2025-09-24,"NA.",0.0822401052540615,0.0562254572133351,0.125517567040067
2025-09-24,"NS",0.0120006477701014,0.00776606643213889,0.0240547703124889
2025-09-24,"oth",0.345181923561857,0.294633349548528,0.37884362713888
2025-10-01,"TS.LKD",0.119608218388676,0.0910590101761745,0.150996527633631
2025-10-01,"LVZS",0.0757003936457055,0.0494432399666319,0.120952328636174
2025-10-01,"LSDP",0.122044669990386,0.0840494299024498,0.178745540233904
2025-10-01,"LRLS",0.0611868264002265,0.0495523369202286,0.072237089792413
2025-10-01,"DP",0.0173996205848215,0.00850048738777904,0.0501154462868854
2025-10-01,"LP",0.0240067810752537,0.0141415650172636,0.0529397663328952
2025-10-01,"LLRA.KSS",0.0199728600734604,0.0103618330045826,0.061998293971814
2025-10-01,"VL",0.0897912874121559,0.0597203582902953,0.153181557528853
2025-10-01,"NA.",0.082226420049432,0.0563071953358953,0.124869435401909
2025-10-01,"NS",0.0121007495187083,0.00782341060902547,0.0242253231069036
2025-10-01,"oth",0.345527429196992,0.294805092169259,0.379150097037017
2025-10-08,"TS.LKD",0.120081636589715,0.0916233003994225,0.151437731678795
2025-10-08,"LVZS",0.0758208318587837,0.0495906119088655,0.121584411097943
2025-10-08,"LSDP",0.120885741739774,0.0831709791027096,0.177364355727864
2025-10-08,"LRLS",0.061266748646155,0.0495961162464479,0.0724171802465903
2025-10-08,"DP",0.0174489304477592,0.00854369631603273,0.050219893533394
2025-10-08,"LP",0.0240244873627168,0.0141972970021052,0.0532264232603248
2025-10-08,"LLRA.KSS",0.0198071230176731,0.0102896663369635,0.0617925976363433
2025-10-08,"VL",0.0901194834913593,0.0600057304807376,0.153676793677346
2025-10-08,"NA.",0.0817050973459061,0.056388646661352,0.12452482337583
2025-10-08,"NS",0.0121962041429206,0.00785004738063378,0.0243506893197778
2025-10-08,"oth",0.345921459587003,0.295128575741517,0.379521115698171
2025-10-15,"TS.LKD",0.120524975386803,0.0919467046325934,0.151906227349005
2025-10-15,"LVZS",0.0760295663253147,0.0497092125488856,0.121585881159171
2025-10-15,"LSDP",0.119897139021206,0.0824376210429391,0.175758281064097
2025-10-15,"LRLS",0.0613880499631161,0.0496362957133668,0.0725481074086737
2025-10-15,"DP",0.0174916966720251,0.00858422063712491,0.0503464447944304
2025-10-15,"LP",0.0240326144887813,0.0141754096159355,0.0533379115627308
2025-10-15,"LLRA.KSS",0.0196504677520989,0.0101558071446991,0.0611904470448126
2025-10-15,"VL",0.0904260765158807,0.0603024637893054,0.154754139689281
2025-10-15,"NA.",0.0810368508135442,0.056156278295763,0.124107822717048
2025-10-15,"NS",0.0123115551825476,0.00792872263753687,0.0243889772389426
2025-10-15,"oth",0.346465860290279,0.295213893059529,0.380214665257108
2025-10-22,"TS.LKD",0.120948627658642,0.092207198439398,0.152349369443308
2025-10-22,"LVZS",0.0761629956071742,0.0497834969124167,0.121751055555822
2025-10-22,"LSDP",0.118741685216972,0.0815036796884252,0.174411659422278
2025-10-22,"LRLS",0.0615468605148648,0.049761984304508,0.0726838630598588
2025-10-22,"DP",0.0175321787004062,0.00858869507426901,0.0504078019239342
2025-10-22,"LP",0.0240128320866834,0.0141755662918474,0.0534148101839035
2025-10-22,"LLRA.KSS",0.0194542219595358,0.0100378654034159,0.0604299434299808
2025-10-22,"VL",0.0907621914383086,0.0607057845323799,0.155602448828858
2025-10-22,"NA.",0.0805153115843086,0.0557258769097768,0.123287018082859
2025-10-22,"NS",0.0124601015057417,0.00804439044035996,0.0246999856528952
2025-10-22,"oth",0.346835258184393,0.295463411534029,0.380717645155413
2025-10-29,"TS.LKD",0.121343769909291,0.0923791151188362,0.152632462259542
2025-10-29,"LVZS",0.0762979731620629,0.0498685549783317,0.121716195429012
2025-10-29,"LSDP",0.117773395400184,0.0804912283819644,0.172830130640851
2025-10-29,"LRLS",0.0616853877605716,0.0499503254947074,0.0728349538292864
2025-10-29,"DP",0.0175704916034741,0.00861469282268165,0.0505962619906017
2025-10-29,"LP",0.0239986411047225,0.0141919060932465,0.0534104616498446
2025-10-29,"LLRA.KSS",0.0193060219221762,0.00997283570486789,0.059660164202241
2025-10-29,"VL",0.0909605984348156,0.0607926465189872,0.156836956337993
2025-10-29,"NA.",0.0802428927268579,0.0554824301632277,0.12324474052143
2025-10-29,"NS",0.0126226977041261,0.00817829555444448,0.0250217614599743
2025-10-29,"oth",0.347288528385003,0.295972520043247,0.381245717591326
2025-11-05,"TS.LKD",0.1216798732654,0.092630263761794,0.152922900403681
2025-11-05,"LVZS",0.0764146805562025,0.049952684468907,0.122117153872046
2025-11-05,"LSDP",0.116687179216236,0.0799295385281327,0.170878553501097
2025-11-05,"LRLS",0.0618300438849119,0.0501397339259866,0.0728849542200586
2025-11-05,"DP",0.0176315743182503,0.00866328938963535,0.0510913224520316
2025-11-05,"LP",0.0240194612186949,0.0141999089082977,0.0533511802283134
2025-11-05,"LLRA.KSS",0.0190965673077086,0.00989311647231505,0.0588965301338494
2025-11-05,"VL",0.0911009386608534,0.0608916145095448,0.156859885069999
2025-11-05,"NA.",0.0802114655760336,0.0551143630750236,0.123173701489883
2025-11-05,"NS",0.0127968708350974,0.00829702923870621,0.0254683562016702
2025-11-05,"oth",0.34772928647477,0.296507352583519,0.381929858119808
2025-11-12,"TS.LKD",0.122088660524018,0.0929048122475053,0.153192018774785
2025-11-12,"LVZS",0.0765551254180615,0.0501991965764728,0.122054746135359
2025-11-12,"LSDP",0.115567257508789,0.0793594326568573,0.169784139464041
2025-11-12,"LRLS",0.0619811029597182,0.0502613231709721,0.0730120768355361
2025-11-12,"DP",0.0177044510822127,0.00871115869403216,0.0512822530027872
2025-11-12,"LP",0.0239939192563811,0.0141923406234196,0.0532227189987172
2025-11-12,"LLRA.KSS",0.0188961262620553,0.0098136156397038,0.0582882928648356
2025-11-12,"VL",0.0910509104126066,0.0609186129056727,0.156490375568894
2025-11-12,"NA.",0.0801840182237794,0.054889076563164,0.123443498900411
2025-11-12,"NS",0.0129798941111594,0.00841262797104994,0.025889603653531
2025-11-12,"oth",0.348283556275208,0.297545531677863,0.382233248686476
2025-11-19,"TS.LKD",0.122355121505927,0.0928908472470392,0.15364203668627
2025-11-19,"LVZS",0.0766417793564855,0.050379580080119,0.122189587022258
2025-11-19,"LSDP",0.114602412519377,0.0786420338925404,0.168470614970556
2025-11-19,"LRLS",0.0621866644450452,0.0504679613054804,0.0732593844146668
2025-11-19,"DP",0.0177898374579907,0.00877979397850401,0.0513736011121119
2025-11-19,"LP",0.0239364220981094,0.0141966743458514,0.0530101067505682
2025-11-19,"LLRA.KSS",0.0186660814647171,0.00967803809761796,0.0575157021253624
2025-11-19,"VL",0.09091426812662,0.0604534744707303,0.155918955673945
2025-11-19,"NA.",0.0801723931212664,0.054882022205794,0.123242177600631
2025-11-19,"NS",0.0131562488186384,0.00856296895508472,0.0263837499202611
2025-11-19,"oth",0.349002343933676,0.298797423658419,0.382673444023382
2025-11-26,"TS.LKD",0.12265555766029,0.0930419417444415,0.153967983002028
2025-11-26,"LVZS",0.0767395193572036,0.0504736462331601,0.122384340319633
2025-11-26,"LSDP",0.113717093394449,0.0780251832191787,0.167233082618645
2025-11-26,"LRLS",0.062376427953205,0.0506366915039042,0.0734170397035961
2025-11-26,"DP",0.0178741426052977,0.0087798457429603,0.0515027528475401
2025-11-26,"LP",0.0238900247168215,0.0141969090628767,0.0532070706010395
2025-11-26,"LLRA.KSS",0.0184534908817311,0.00959721510575861,0.0568682581615077
2025-11-26,"VL",0.0903964504902924,0.0601565554680802,0.155038151985152
2025-11-26,"NA.",0.0805329860015929,0.0553184901762456,0.12389174226692
2025-11-26,"NS",0.0133736442719605,0.00872889503172762,0.0268194663341358
2025-11-26,"oth",0.349449928482925,0.299613631827249,0.383231237512078
2025-12-04,"TS.LKD",0.122874857947585,0.0932847507541122,0.154407915413071
2025-12-04,"LVZS",0.0768393848879324,0.0506812551379746,0.122656427372436
2025-12-04,"LSDP",0.112739133383115,0.0772894382579466,0.166225720403764
2025-12-04,"LRLS",0.062600784200753,0.0508375813732739,0.0736779559336138
2025-12-04,"DP",0.017933422208685,0.00887442805853907,0.0516839526046379
2025-12-04,"LP",0.0238404149232304,0.0141894816678555,0.0529048032600981
2025-12-04,"LLRA.KSS",0.0182571105088187,0.00949158107001268,0.0563969697041209
2025-12-04,"VL",0.0896645783344947,0.0596708816732017,0.153545012703153
2025-12-04,"NA.",0.0812685706754847,0.0561751888742852,0.124823679053106
2025-12-04,"NS",0.0135810216594742,0.00886336146954265,0.0273654006333887
2025-12-04,"oth",0.34980694283733,0.299823560767283,0.383501252052902
2025-12-11,"TS.LKD",0.123119430849701,0.0936127120068986,0.154486831599515
2025-12-11,"LVZS",0.0768392597389028,0.050805495698437,0.122724975000681
2025-12-11,"LSDP",0.111819896114251,0.0765538866977273,0.165081329096997
2025-12-11,"LRLS",0.0628223012610812,0.0510579571024685,0.0738712455817977
2025-12-11,"DP",0.0180577724146877,0.00895972377276874,0.0519441725326191
2025-12-11,"LP",0.0237594635991994,0.0141268063337422,0.0527642091055237
2025-12-11,"LLRA.KSS",0.018080831029564,0.00935940180244211,0.0558679715477125
2025-12-11,"VL",0.0887586857356988,0.0590946406463959,0.151723664540095
2025-12-11,"NA.",0.0820002596576933,0.0565870757105733,0.125535590292197
2025-12-11,"NS",0.0138290345488985,0.00902942122818197,0.0277866998552696
2025-12-11,"oth",0.350226517138279,0.299959198413258,0.38381988673331
2025-12-18,"TS.LKD",0.123464651763564,0.0938508859151087,0.154774824936361
2025-12-18,"LVZS",0.0769891506388763,0.0508263786746793,0.123175382005877
2025-12-18,"LSDP",0.110903899267931,0.0759256174920715,0.164023190112627
2025-12-18,"LRLS",0.0630852335238439,0.0511902647286838,0.0742034154241448
2025-12-18,"DP",0.0180906084057005,0.00900241565432515,0.0522999207818406
2025-12-18,"LP",0.0236623835607177,0.0141255711443386,0.0526489573311223
2025-12-18,"LLRA.KSS",0.0179126008056115,0.00926585986934766,0.0549450770103235
2025-12-18,"VL",0.0875156186630077,0.0580952792943083,0.150045080394055
2025-12-18,"NA.",0.0827994483051086,0.0572859097865384,0.126540450695995
2025-12-18,"NS",0.0140927840453515,0.00922318504876647,0.0281261805746095
2025-12-18,"oth",0.350779613885106,0.300422044180903,0.384506605526577
2025-12-25,"TS.LKD",0.123660660402626,0.094105777793781,0.15524194020021
2025-12-25,"LVZS",0.0771592660154388,0.0509639523869557,0.123616016542144
2025-12-25,"LSDP",0.109961775632383,0.0753335240175787,0.163049484050846
2025-12-25,"LRLS",0.0633375949002285,0.051395238495832,0.0745839455574981
2025-12-25,"DP",0.0181899603970914,0.00903646997255548,0.052306354202895
2025-12-25,"LP",0.0236222979332533,0.0140552850992484,0.0526701105668069
2025-12-25,"LLRA.KSS",0.0177575271754286,0.00917400757825078,0.054413356841829
2025-12-25,"VL",0.086150465298029,0.0571074420164373,0.147572618462339
2025-12-25,"NA.",0.0837090636983698,0.0579797979986315,0.127735548788481
2025-12-25,"NS",0.0143645302306844,0.00943481736929164,0.0288402185157222
2025-12-25,"oth",0.351463375021295,0.301009659590338,0.385141501259416
2026-01-01,"TS.LKD",0.123963113459169,0.0942247186295633,0.15563016191088
2026-01-01,"LVZS",0.0773517642790071,0.0510307574199725,0.123744457737878
2026-01-01,"LSDP",0.109094461133889,0.0747974194299998,0.16175771118562
2026-01-01,"LRLS",0.0636354052535242,0.051850743556183,0.0750555159507405
2026-01-01,"DP",0.0183562630891195,0.00907949107055806,0.0528433416635086
2026-01-01,"LP",0.0235570224349973,0.0139858434058441,0.0521477882103274
2026-01-01,"LLRA.KSS",0.0175887842426744,0.00909509594956626,0.0538292756357305
2026-01-01,"VL",0.0845628661957261,0.055942550152213,0.144379723344962
2026-01-01,"NA.",0.0844675532176641,0.0584479077564395,0.129002582122942
2026-01-01,"NS",0.0146928658927649,0.00962191571473183,0.0294813173787337
2026-01-01,"oth",0.352364029093028,0.301504180238275,0.385894317201015
2026-01-08,"TS.LKD",0.124297556404198,0.094694219240204,0.155889446651799
2026-01-08,"LVZS",0.0774676603985156,0.0511001076432092,0.124108675831699
2026-01-08,"LSDP",0.108402525526264,0.0742683923938804,0.160530933303438
2026-01-08,"LRLS",0.0639956532073086,0.05215732933988,0.0753930107880568
2026-01-08,"DP",0.0185066937993871,0.00917191665667189,0.0534497633056358
2026-01-08,"LP",0.0234931450622248,0.0138888363045062,0.0519786618321745
2026-01-08,"LLRA.KSS",0.0174157638764248,0.00897267243899132,0.0533214146786225
2026-01-08,"VL",0.0827674293948533,0.054715835123197,0.141994100398274
2026-01-08,"NA.",0.0850672335281124,0.059071043483136,0.128331770333758
2026-01-08,"NS",0.015025843338605,0.00982629729007153,0.0302021076407771
2026-01-08,"oth",0.353087272548351,0.302659791887831,0.386608670666972
2026-01-15,"TS.LKD",0.124761507564422,0.0952254178036333,0.156360702541031
2026-01-15,"LVZS",0.0775749111908527,0.0511751873236373,0.124261454314248
2026-01-15,"LSDP",0.107766854864677,0.0737567381278049,0.159761296273922
2026-01-15,"LRLS",0.0643717903652867,0.0525181556550043,0.0757907763470238
2026-01-15,"DP",0.0186504752820486,0.00922806303548256,0.0541705841730089
2026-01-15,"LP",0.023429987599613,0.0138243186245255,0.05180996006465
2026-01-15,"LLRA.KSS",0.0172616949005025,0.00885982635354823,0.0527342748679404
2026-01-15,"VL",0.0807793421299818,0.0534907728394144,0.138900340320768
2026-01-15,"NA.",0.0854360130893251,0.0593461154673675,0.129104770286339
2026-01-15,"NS",0.0154196182290611,0.0100773714887936,0.0310395668666286
2026-01-15,"oth",0.354300072396101,0.303788178288353,0.387985304149125
2026-01-22,"TS.LKD",0.125151869912631,0.0956285717449526,0.157038153825315
2026-01-22,"LVZS",0.0777661133499224,0.051188195479389,0.124744125572991
2026-01-22,"LSDP",0.107101840697726,0.0733435704818014,0.159115023642494
2026-01-22,"LRLS",0.0647344411925537,0.0527495027575029,0.0762311924519105
2026-01-22,"DP",0.0187796262042206,0.00933486883131506,0.0543410477915254
2026-01-22,"LP",0.0233239439071417,0.0137738541638972,0.0516451567887694
2026-01-22,"LLRA.KSS",0.0171096071742825,0.0087419136802884,0.052299305098528
2026-01-22,"VL",0.078566052777274,0.0519148566196504,0.13526997624087
2026-01-22,"NA.",0.0857077966694346,0.0596212058317135,0.13040173600286
2026-01-22,"NS",0.0158359952590827,0.0103586540220599,0.0317747363780788
2026-01-22,"oth",0.35538142373466,0.304929985589742,0.389190072121105
2026-01-29,"TS.LKD",0.125678555981135,0.0962001841124981,0.157387571634605
2026-01-29,"LVZS",0.0779218525870283,0.0512870802194016,0.12481944106603
2026-01-29,"LSDP",0.106615583729319,0.0730451552819409,0.158388957931854
2026-01-29,"LRLS",0.0651289621398879,0.0532005638331084,0.0766662123570189
2026-01-29,"DP",0.0189359578095463,0.00940090470975719,0.0545171303738738
2026-01-29,"LP",0.0232495041976016,0.013739012816584,0.0514902704096253
2026-01-29,"LLRA.KSS",0.0169756288709223,0.00862612188394699,0.0518025198790241
2026-01-29,"VL",0.0762403048251613,0.0503599420147343,0.131715413394748
2026-01-29,"NA.",0.0859148184961071,0.0597891685988955,0.131498150594234
2026-01-29,"NS",0.0163212158329536,0.0106470790440771,0.0325986741280662
2026-01-29,"oth",0.356583153064984,0.306109786843985,0.390534766191815
2026-02-05,"TS.LKD",0.126216053829923,0.0965030842115596,0.158039380965026
2026-02-05,"LVZS",0.0780261611343359,0.0514019463556706,0.125362770987904
2026-02-05,"LSDP",0.106163797532564,0.072743867338148,0.157767705709827
2026-02-05,"LRLS",0.0656442337968731,0.0537242249035729,0.0771691597188656
2026-02-05,"DP",0.0191162360252877,0.00949155412830786,0.0552936588485383
2026-02-05,"LP",0.0231562728406781,0.0137051855066039,0.0511781967799312
2026-02-05,"LLRA.KSS",0.0168412814868375,0.00853171134536111,0.0515028768611425
2026-02-05,"VL",0.0736706558567398,0.048655093078109,0.126910952566132
2026-02-05,"NA.",0.0859881818471785,0.0599499431000277,0.132236514548719
2026-02-05,"NS",0.0168058369387764,0.0109984724463326,0.033536446086385
2026-02-05,"oth",0.35795198172077,0.307772532500379,0.391873466089636
2026-02-12,"TS.LKD",0.12678975895829,0.0969902248429696,0.158463262034458
2026-02-12,"LVZS",0.0781617238614911,0.0514778491212522,0.125679128190592
2026-02-12,"LSDP",0.105835787644087,0.0724185924898435,0.157305796870296
2026-02-12,"LRLS",0.0660682642551316,0.054152329794879,0.0776730765056506
2026-02-12,"DP",0.0192868918972778,0.00958660295739089,0.0559080443257696
2026-02-12,"LP",0.0230880188680139,0.0136245033848228,0.0510248839460893
2026-02-12,"LLRA.KSS",0.0167319960595501,0.00841164380302679,0.0510890496305156
2026-02-12,"VL",0.0709472713351127,0.0467271644479289,0.123020126302316
2026-02-12,"NA.",0.085942552502705,0.0598031661170743,0.132343815020582
2026-02-12,"NS",0.0173267146686102,0.0113326201715987,0.0345120338235971
2026-02-12,"oth",0.359364481396068,0.309115411913617,0.393387261138726
2026-02-19,"TS.LKD",0.127409351160319,0.0975496454163329,0.159019847208672
2026-02-19,"LVZS",0.0784001243957931,0.051554658853027,0.125958451070667
2026-02-19,"LSDP",0.105463242255745,0.072259219604827,0.157150764109892
2026-02-19,"LRLS",0.0665666862982418,0.0546252553280588,0.0784751550568789
2026-02-19,"DP",0.0194616555590559,0.00964664937761861,0.0565765504935692
2026-02-19,"LP",0.0230030055925345,0.0136011873477011,0.0509379533730431
2026-02-19,"LLRA.KSS",0.0165725230276683,0.00835001876209713,0.0507494436004974
2026-02-19,"VL",0.0681411716690397,0.0447304497948513,0.118825869679839
2026-02-19,"NA.",0.0857154781404297,0.0596724479560294,0.131566902400591
2026-02-19,"NS",0.0178976992128641,0.0117603659632698,0.0356010508769156
2026-02-19,"oth",0.360900967750855,0.310660804541678,0.394744924573107
2026-02-26,"TS.LKD",0.128067413971198,0.0981675997645733,0.159746937997044
2026-02-26,"LVZS",0.0786816527836446,0.0519231163745148,0.126040057551066
2026-02-26,"LSDP",0.10517011311375,0.0721909569467626,0.156990160723262
2026-02-26,"LRLS",0.0670415095598638,0.0549331627542616,0.0790477940470996
2026-02-26,"DP",0.0195995754704437,0.00966186838290492,0.056968002829935
2026-02-26,"LP",0.0228868453125243,0.0134983531126767,0.0508030239152781
2026-02-26,"LLRA.KSS",0.0164729954999476,0.00829885660690658,0.0503050684565846
2026-02-26,"VL",0.0653185245505357,0.0428945133578299,0.114189075717104
2026-02-26,"NA.",0.085615716078109,0.059553659704487,0.130943628917555
2026-02-26,"NS",0.0184727088203057,0.0121567050622342,0.0367736462177987
2026-02-26,"oth",0.362305890406906,0.312114233975893,0.396366866020875
2026-03-06,"TS.LKD",0.128738837164353,0.098757399077284,0.160349777366575
2026-03-06,"LVZS",0.078865625874158,0.0519860481165013,0.126163392049462
2026-03-06,"LSDP",0.104901175464743,0.0718793601604522,0.156349308483105
2026-03-06,"LRLS",0.0675724254976351,0.0552671893228314,0.0796611168062432
2026-03-06,"DP",0.0197613621583202,0.00971672441508396,0.0577021980767592
2026-03-06,"LP",0.0227559854519154,0.0134430913147189,0.0507372042115373
2026-03-06,"LLRA.KSS",0.0163298206136512,0.00823880118184694,0.049861803953973
2026-03-06,"VL",0.0624271278870352,0.0409015046779635,0.109713725464836
2026-03-06,"NA.",0.0852636687486749,0.0593120178917464,0.131904728647777
2026-03-06,"NS",0.0190746654684087,0.0125362157533973,0.0382224297076975
2026-03-06,"oth",0.363679755617304,0.313767146366473,0.397815026203057
2026-03-13,"TS.LKD",0.129389596015524,0.0994157394670383,0.161015996227515
2026-03-13,"LVZS",0.0790114692971271,0.0521809176138655,0.126448511077909
2026-03-13,"LSDP",0.10466334476962,0.0717260708188082,0.155993210706323
2026-03-13,"LRLS",0.068066016997939,0.0554962176345339,0.080368151604261
2026-03-13,"DP",0.0199342387534863,0.00975086544131356,0.0574241383593664
2026-03-13,"LP",0.0225699049549601,0.0133208183659409,0.050655625232269
2026-03-13,"LLRA.KSS",0.0161910112217024,0.00818107481636646,0.0493172340446283
2026-03-13,"VL",0.0595623774714886,0.0388558867436935,0.104593356664834
2026-03-13,"NA.",0.0852198141561179,0.0593684306922202,0.132106159091383
2026-03-13,"NS",0.0196859617777808,0.0129065345140861,0.0395901746112976
2026-03-13,"oth",0.365362516434631,0.315015606669261,0.399634247602137
2026-03-20,"TS.LKD",0.129974777277282,0.0997583785803515,0.161794116302149
2026-03-20,"LVZS",0.0792705165314491,0.0523153998428355,0.126831085749297
2026-03-20,"LSDP",0.104380484515181,0.0715136623898363,0.155103329027813
2026-03-20,"LRLS",0.0685591789245427,0.0559396730092401,0.0810399972650521
2026-03-20,"DP",0.0200950756594344,0.00979731267039744,0.0582979225180337
2026-03-20,"LP",0.022457262429083,0.0132200048103403,0.0503985436097083
2026-03-20,"LLRA.KSS",0.0160153040943673,0.00812421705511383,0.0488565886694826
2026-03-20,"VL",0.0566369501567381,0.0369600756995153,0.0997400727661314
2026-03-20,"NA.",0.0851178523976761,0.0592100834863782,0.131770940361451
2026-03-20,"NS",0.0203574133731078,0.0133122516679261,0.0409651611247642
2026-03-20,"oth",0.36689418524023,0.316376940123125,0.401481383821383
2026-03-27,"TS.LKD",0.130726352274408,0.10034354549827,0.162896045332462
2026-03-27,"LVZS",0.0795616641912456,0.052439265058345,0.127078298323006
2026-03-27,"LSDP",0.104218689476408,0.0712128009587833,0.154642972817833
2026-03-27,"LRLS",0.0690432597088025,0.0562937811242473,0.0816055289155529
2026-03-27,"DP",0.0201725936756287,0.00986213809071793,0.0584720444164403
2026-03-27,"LP",0.0223427934097994,0.0131248377359886,0.0500899195031593
2026-03-27,"LLRA.KSS",0.0159239394225186,0.00803629688131644,0.0480792083763306
2026-03-27,"VL",0.0535487491111309,0.0349694687754293,0.094692558790134
2026-03-27,"NA.",0.0853319930266069,0.0593627265602529,0.132547976704041
2026-03-27,"NS",0.021027149949235,0.013748867906027,0.0422374662640832
2026-03-27,"oth",0.368295537922474,0.31778845687087,0.403030003070956
2026-04-03,"TS.LKD",0.131375854437141,0.100858965614535,0.163688538987303
2026-04-03,"LVZS",0.0798236674468451,0.0526280486804971,0.12722312983359
2026-04-03,"LSDP",0.103915971761126,0.0709922840503226,0.15388863821381
2026-04-03,"LRLS",0.0695384982896414,0.0565714573192214,0.0822835927219427
2026-04-03,"DP",0.0202681657785659,0.00988910537996974,0.0590028796715847
2026-04-03,"LP",0.0221763366219828,0.0129910419605,0.0494394617771712
2026-04-03,"LLRA.KSS",0.0157779404856904,0.00796520749204237,0.0474837010083454
2026-04-03,"VL",0.0505093565100832,0.0330739358603264,0.089856841663062
2026-04-03,"NA.",0.0853656881989454,0.0591237747208388,0.132145472890283
2026-04-03,"NS",0.0217545091836877,0.0141064780630434,0.0437898587788011
2026-04-03,"oth",0.36978372636483,0.319575609961781,0.404720613349965
2026-04-10,"TS.LKD",0.131978294505549,0.101511434113093,0.164394018063238
2026-04-10,"LVZS",0.0799746304793696,0.0526304079052088,0.127564730945113
2026-04-10,"LSDP",0.103623202399171,0.0706657950499468,0.154064541577565
2026-04-10,"LRLS",0.0700136951271541,0.0568611317945919,0.0828657297519302
2026-04-10,"DP",0.0204052799127202,0.00993787314950031,0.0593924330441339
2026-04-10,"LP",0.0219952408555225,0.0128937621272475,0.0492482140744078
2026-04-10,"LLRA.KSS",0.0156367987971629,0.00783902296999268,0.0470856011505217
2026-04-10,"VL",0.0474829551003764,0.030848614068227,0.0846544956510712
2026-04-10,"NA.",0.0857595368308007,0.0591711880147438,0.131910194791823
2026-04-10,"NS",0.0224904691843328,0.0144681713499382,0.045370950872029
2026-04-10,"oth",0.371086530430151,0.320617485746786,0.406223175837688
2026-04-17,"TS.LKD",0.13248132044497,0.102043555561262,0.165134663859218
2026-04-17,"LVZS",0.0801355944195716,0.0526864806170022,0.127773596132148
2026-04-17,"LSDP",0.103271241466331,0.0703246095582778,0.153464932499425
2026-04-17,"LRLS",0.0704126083074119,0.0571190837357466,0.0836705551675005
2026-04-17,"DP",0.0205531989593089,0.00993944744858978,0.0600720922357122
2026-04-17,"LP",0.0219015072351679,0.0128054957794141,0.0487401204412809
2026-04-17,"LLRA.KSS",0.0154650728959139,0.00775490235172263,0.0462710221505188
2026-04-17,"VL",0.0444899762698027,0.0287641901822327,0.0797859917158658
2026-04-17,"NA.",0.0858027227744226,0.0593603743673557,0.131672123588506
2026-04-17,"NS",0.02320844756683,0.0147980409198051,0.0469584317618973
2026-04-17,"oth",0.372521228126422,0.32214235379451,0.407596152475496
2026-04-24,"TS.LKD",0.133186586700961,0.102669985493328,0.166037405912856
2026-04-24,"LVZS",0.08032221518521,0.0527199168584856,0.128015489724015
2026-04-24,"LSDP",0.10315123701197,0.0701531168705335,0.153281030851655
2026-04-24,"LRLS",0.0708071433260153,0.0573781982381775,0.0843003656907973
2026-04-24,"DP",0.020632923552448,0.00990603023212031,0.0601936807532833
2026-04-24,"LP",0.0217685693524766,0.012699691793648,0.0484733472305937
2026-04-24,"LLRA.KSS",0.015332832964756,0.0076459095599271,0.046100324025357
2026-04-24,"VL",0.0417160072506903,0.0268063406135517,0.0757380924365068
2026-04-24,"NA.",0.0859532405555133,0.0592560734857609,0.131663017385319
2026-04-24,"NS",0.0239628751975509,0.0152137463505067,0.0487184817749138
2026-04-24,"oth",0.37379529545203,0.323711312301167,0.409231261122292
2026-05-01,"TS.LKD",0.133867657765132,0.102951720568938,0.166667319208196
2026-05-01,"LVZS",0.0804658418209274,0.0527597775710296,0.128136023488865
2026-05-01,"LSDP",0.102723031124192,0.0699763292024029,0.153043325540282
2026-05-01,"LRLS",0.0712413173587029,0.0576641374107227,0.0852006622226312
2026-05-01,"DP",0.0207317448364707,0.0099213573064901,0.0607416502510267
2026-05-01,"LP",0.0216133370205322,0.0125610981046251,0.0483840522904303
2026-05-01,"LLRA.KSS",0.0152032907553233,0.0074788224179477,0.0457826503297882
2026-05-01,"VL",0.0390636330296294,0.0247861231625516,0.0712383215623636
2026-05-01,"NA.",0.0858535177971922,0.0588604803963115,0.132351643828699
2026-05-01,"NS",0.0247200623485943,0.0155676144297096,0.0503939136924963
2026-05-01,"oth",0.375131344032792,0.324935047951958,0.410951612660599
2026-05-08,"TS.LKD",0.134762704279793,0.103309059241295,0.168006346619653
2026-05-08,"LVZS",0.0806536837590625,0.0528465545903844,0.128570093169445
2026-05-08,"LSDP",0.102508715725485,0.0696047552335075,0.152737879086438
2026-05-08,"LRLS",0.0716848117422057,0.0578966884620604,0.0859791346636984
2026-05-08,"DP",0.0208178576361414,0.00992218635241108,0.0613226029991837
2026-05-08,"LP",0.0214719167543252,0.0124275163785074,0.0479919914069631
2026-05-08,"LLRA.KSS",0.015029681177496,0.00736346153746737,0.0458030938118202
2026-05-08,"VL",0.0365914519048821,0.0229114894532494,0.0669537775821945
2026-05-08,"NA.",0.0853263729460941,0.0581788205010163,0.132290530944085
2026-05-08,"NS",0.0255371912419586,0.0160062390989627,0.0520494913221874
2026-05-08,"oth",0.376424760514865,0.326628095086316,0.412657825894989
2026-05-15,"TS.LKD",0.135280382972888,0.103294540451715,0.169015862201396
2026-05-15,"LVZS",0.0807098773654051,0.0528560247044212,0.128742743424758
2026-05-15,"LSDP",0.102135727921145,0.0694484555531887,0.152455268292663
2026-05-15,"LRLS",0.0720958365441336,0.0579826436067131,0.0867293340161054
2026-05-15,"DP",0.0209245407432898,0.0098887004872675,0.0625096911118003
2026-05-15,"LP",0.0214005309884466,0.0123333134666253,0.0476605697086841
2026-05-15,"LLRA.KSS",0.0148762358399266,0.00727626683719174,0.0455742912392452
2026-05-15,"VL",0.0342301658744749,0.0210551482160674,0.0626864490542247
2026-05-15,"NA.",0.0846953990590684,0.057154439559254,0.132641970387319
2026-05-15,"NS",0.026308493003365,0.0164633276644318,0.0536892851711728
2026-05-15,"oth",0.377864595464652,0.327597122058356,0.414154062477083
2026-05-22,"TS.LKD",0.136038363566867,0.103553961714311,0.169697573987835
2026-05-22,"LVZS",0.080849762640528,0.0527147338386733,0.129045427763456
2026-05-22,"LSDP",0.101698094911069,0.0690174748368366,0.152147978728311
2026-05-22,"LRLS",0.0725482938393564,0.0582019528063052,0.0876456750805287
2026-05-22,"DP",0.020976832300667,0.00989319922981338,0.0628298808694906
2026-05-22,"LP",0.0212744418067443,0.0121547250736269,0.0476723690046118
2026-05-22,"LLRA.KSS",0.0147828459351913,0.00718078633224746,0.0448864902371592
2026-05-22,"VL",0.0320375973990587,0.0193155107093744,0.0585543492596609
2026-05-22,"NA.",0.0838203194317217,0.0554595883176976,0.131804091856914
2026-05-22,"NS",0.0271684155079057,0.0167439369149872,0.0554853241331847
2026-05-22,"oth",0.379397432488045,0.328315422737887,0.415805093725538
2026-05-30,"TS.LKD",0.136682044663208,0.103694678469118,0.170940171961102
2026-05-30,"LVZS",0.0809647680423636,0.0523910038097594,0.129270735838481
2026-05-30,"LSDP",0.101354919695721,0.0686692981149965,0.15183411324725
2026-05-30,"LRLS",0.072928149234177,0.058398209887821,0.0886477103896296
2026-05-30,"DP",0.0211366297336347,0.00985057591017066,0.0633530466429994
2026-05-30,"LP",0.0211507158871884,0.0119364993941904,0.0475174696558374
2026-05-30,"LLRA.KSS",0.01464283129138,0.00703586258571594,0.0446361316377868
2026-05-30,"VL",0.0300054842517273,0.0177648712686079,0.0551434028422343
2026-05-30,"NA.",0.0827138865788972,0.0537460789815095,0.131966452044033
2026-05-30,"NS",0.0280720993916477,0.0170815655545807,0.0570358166663734
2026-05-30,"oth",0.380342968728201,0.32991944679059,0.417502429899565
