"date","party","res","mandates"
"2024-01-26","TS.LKD",0.165161736686458,15
"2024-01-26","LVZS",0.110209416600577,10
"2024-01-26","LSDP",0.221063070801128,20
"2024-01-26","LRLS",0.100198410461023,9
"2024-01-26","DP",0.0540466182870912,5
"2024-01-26","LP",0.0440776262056651,0
"2024-01-26","LSDDP.LRP",0.0241598909349683,0
"2024-01-26","LLRA.KSS",0.0282406069357595,0
"2024-01-26","TT.LT",0.0252756316831621,0
"2024-01-26","VL",0.117153967521004,11
"2024-01-26","NA.",0.0234130238831647,0
"2024-02-02","TS.LKD",0.164438723597901,15
"2024-02-02","LVZS",0.109485732319717,10
"2024-02-02","LSDP",0.220073900272799,20
"2024-02-02","LRLS",0.0994725408256545,9
"2024-02-02","DP",0.0541393760780925,5
"2024-02-02","LP",0.0438432153405179,0
"2024-02-02","LSDDP.LRP",0.0236124912017501,0
"2024-02-02","LLRA.KSS",0.0281125618772621,0
"2024-02-02","TT.LT",0.0247770600713106,0
"2024-02-02","VL",0.116626661171582,11
"2024-02-02","NA.",0.0284177372434138,0
"2024-02-09","TS.LKD",0.164280137762398,15
"2024-02-09","LVZS",0.108447305917217,10
"2024-02-09","LSDP",0.218572601016293,20
"2024-02-09","LRLS",0.0987624704935331,9
"2024-02-09","DP",0.054185372390299,5
"2024-02-09","LP",0.0435313657735938,0
"2024-02-09","LSDDP.LRP",0.0231228848053296,0
"2024-02-09","LLRA.KSS",0.0279124654699877,0
"2024-02-09","TT.LT",0.0243515143719049,0
"2024-02-09","VL",0.116300825833191,11
"2024-02-09","NA.",0.0335330561662516,0
"2024-02-16","TS.LKD",0.163977711614688,15
"2024-02-16","LVZS",0.107673957295165,10
"2024-02-16","LSDP",0.217265986499726,20
"2024-02-16","LRLS",0.0982931975944119,9
"2024-02-16","DP",0.0541706270197826,5
"2024-02-16","LP",0.0432541213496911,0
"2024-02-16","LSDDP.LRP",0.0227833134358855,0
"2024-02-16","LLRA.KSS",0.0276815584722178,0
"2024-02-16","TT.LT",0.0238876810413966,0
"2024-02-16","VL",0.115753066227293,11
"2024-02-16","NA.",0.0382587794497438,0
"2024-02-23","TS.LKD",0.163752019710084,15
"2024-02-23","LVZS",0.106640671240849,10
"2024-02-23","LSDP",0.216410225724049,20
"2024-02-23","LRLS",0.0979358500573732,9
"2024-02-23","DP",0.0539542394272346,5
"2024-02-23","LP",0.0430396975982018,0
"2024-02-23","LSDDP.LRP",0.0224641243820996,0
"2024-02-23","LLRA.KSS",0.0274793370388261,0
"2024-02-23","TT.LT",0.0234270516685379,0
"2024-02-23","VL",0.115079411539818,11
"2024-02-23","NA.",0.042817371612926,0
"2024-03-01","TS.LKD",0.163485987671951,15
"2024-03-01","LVZS",0.105837317076533,10
"2024-03-01","LSDP",0.215130263729104,20
"2024-03-01","LRLS",0.0975374139901218,9
"2024-03-01","DP",0.0538841794012695,5
"2024-03-01","LP",0.0429095637995432,0
"2024-03-01","LSDDP.LRP",0.0223534651686159,0
"2024-03-01","LLRA.KSS",0.0274500151143306,0
"2024-03-01","TT.LT",0.0229161809562192,0
"2024-03-01","VL",0.114635545404392,11
"2024-03-01","NA.",0.0468600676879187,0
"2024-03-08","TS.LKD",0.163457396470454,14
"2024-03-08","LVZS",0.105166345068551,9
"2024-03-08","LSDP",0.214293903323012,19
"2024-03-08","LRLS",0.0972685868045664,9
"2024-03-08","DP",0.0532318078950522,5
"2024-03-08","LP",0.0427260342804303,0
"2024-03-08","LSDDP.LRP",0.0222082789606986,0
"2024-03-08","LLRA.KSS",0.0273792833127052,0
"2024-03-08","TT.LT",0.0225699631926945,0
"2024-03-08","VL",0.114023854501369,10
"2024-03-08","NA.",0.0506745461904663,4
"2024-03-15","TS.LKD",0.16351799964535,14
"2024-03-15","LVZS",0.104636276482288,9
"2024-03-15","LSDP",0.21373344779184,19
"2024-03-15","LRLS",0.0970976815505249,8
"2024-03-15","DP",0.0528955526490128,5
"2024-03-15","LP",0.0426833633801044,0
"2024-03-15","LSDDP.LRP",0.021856488749194,0
"2024-03-15","LLRA.KSS",0.0272925385406179,0
"2024-03-15","TT.LT",0.0221461530320821,0
"2024-03-15","VL",0.113231586551305,10
"2024-03-15","NA.",0.0539089116276808,5
"2024-03-22","TS.LKD",0.163743299943308,14
"2024-03-22","LVZS",0.104440389624401,9
"2024-03-22","LSDP",0.21277988531652,19
"2024-03-22","LRLS",0.0968974159537761,8
"2024-03-22","DP",0.0524341017133763,5
"2024-03-22","LP",0.0425287765284302,0
"2024-03-22","LSDDP.LRP",0.0216322009239729,0
"2024-03-22","LLRA.KSS",0.0270934046373894,0
"2024-03-22","TT.LT",0.0218656393490501,0
"2024-03-22","VL",0.112848521619257,10
"2024-03-22","NA.",0.05673636439052,5
"2024-03-29","TS.LKD",0.163715246556012,14
"2024-03-29","LVZS",0.103792312834212,9
"2024-03-29","LSDP",0.21224340467566,19
"2024-03-29","LRLS",0.0966839324311089,8
"2024-03-29","DP",0.0518166627524415,5
"2024-03-29","LP",0.0423388855104452,0
"2024-03-29","LSDDP.LRP",0.0216270724575752,0
"2024-03-29","LLRA.KSS",0.0269594535761679,0
"2024-03-29","TT.LT",0.0214912699810846,0
"2024-03-29","VL",0.112252452074162,10
"2024-03-29","NA.",0.060079307151132,5
"2024-04-05","TS.LKD",0.163552168877013,14
"2024-04-05","LVZS",0.102918317601814,9
"2024-04-05","LSDP",0.211440924132196,18
"2024-04-05","LRLS",0.0965913057066797,8
"2024-04-05","DP",0.0514876628991487,5
"2024-04-05","LP",0.0421048117500538,0
"2024-04-05","LSDDP.LRP",0.0214172774896419,0
"2024-04-05","LLRA.KSS",0.0267658995807719,0
"2024-04-05","TT.LT",0.0212270125796592,0
"2024-04-05","VL",0.111606774698276,10
"2024-04-05","NA.",0.0638878446847459,6
"2024-04-12","TS.LKD",0.163052700769079,14
"2024-04-12","LVZS",0.10134883039011,9
"2024-04-12","LSDP",0.210273328326897,18
"2024-04-12","LRLS",0.0961472774588254,8
"2024-04-12","DP",0.0506301902537911,5
"2024-04-12","LP",0.0415677649988425,0
"2024-04-12","LSDDP.LRP",0.0213843542180173,0
"2024-04-12","LLRA.KSS",0.0266230907009906,0
"2024-04-12","TT.LT",0.0208931109133788,0
"2024-04-12","VL",0.111001087128323,10
"2024-04-12","NA.",0.0700782648417462,6
"2024-04-19","TS.LKD",0.162396572399913,15
"2024-04-19","LVZS",0.099780488789447,9
"2024-04-19","LSDP",0.208596302949149,20
"2024-04-19","LRLS",0.0955124276414493,9
"2024-04-19","DP",0.0493974332796181,0
"2024-04-19","LP",0.0409891804740457,0
"2024-04-19","LSDDP.LRP",0.0209510028879461,0
"2024-04-19","LLRA.KSS",0.0264418895103812,0
"2024-04-19","TT.LT",0.0204977755698191,0
"2024-04-19","VL",0.11037757759465,10
"2024-04-19","NA.",0.0780593489035812,7
"2024-04-26","TS.LKD",0.161758416710235,15
"2024-04-26","LVZS",0.0984688029555029,9
"2024-04-26","LSDP",0.206187151062204,19
"2024-04-26","LRLS",0.0949576213493488,9
"2024-04-26","DP",0.0478301060004849,0
"2024-04-26","LP",0.0404348489730358,0
"2024-04-26","LSDDP.LRP",0.0204719365973885,0
"2024-04-26","LLRA.KSS",0.0261788219360299,0
"2024-04-26","TT.LT",0.0202010259336343,0
"2024-04-26","VL",0.10910693342408,10
"2024-04-26","NA.",0.087404335058056,8
"2024-05-03","TS.LKD",0.160924173497876,15
"2024-05-03","LVZS",0.0967451253637541,9
"2024-05-03","LSDP",0.203628660515617,19
"2024-05-03","LRLS",0.0940360206705792,8
"2024-05-03","DP",0.0465874194399919,0
"2024-05-03","LP",0.0397559739476463,0
"2024-05-03","LSDDP.LRP",0.0202132784841785,0
"2024-05-03","LLRA.KSS",0.0259217977906644,0
"2024-05-03","TT.LT",0.0197257203240593,0
"2024-05-03","VL",0.108152696005243,10
"2024-05-03","NA.",0.0973091339603906,9
"2024-05-11","TS.LKD",0.159775307438871,15
"2024-05-11","LVZS",0.0954224165640339,9
"2024-05-11","LSDP",0.201735873791492,18
"2024-05-11","LRLS",0.0932187209995125,8
"2024-05-11","DP",0.04473089919736,0
"2024-05-11","LP",0.0391530468962188,0
"2024-05-11","LSDDP.LRP",0.0198819597555877,0
"2024-05-11","LLRA.KSS",0.025672122612079,0
"2024-05-11","TT.LT",0.0193101259798025,0
"2024-05-11","VL",0.107267662290918,10
"2024-05-11","NA.",0.106831864474124,10
"2024-05-18","TS.LKD",0.158884765529567,14
"2024-05-18","LVZS",0.0939398087269688,9
"2024-05-18","LSDP",0.199654681712676,18
"2024-05-18","LRLS",0.0925422133169443,8
"2024-05-18","DP",0.0432008572298429,0
"2024-05-18","LP",0.0388331734867583,0
"2024-05-18","LSDDP.LRP",0.0196980562994042,0
"2024-05-18","LLRA.KSS",0.0254681289859389,0
"2024-05-18","TT.LT",0.0189180524185544,0
"2024-05-18","VL",0.106104712957296,10
"2024-05-18","NA.",0.115755549336049,11
"2024-05-25","TS.LKD",0.158149111354458,14
"2024-05-25","LVZS",0.092549299627195,9
"2024-05-25","LSDP",0.197973555615044,18
"2024-05-25","LRLS",0.0919147030281015,8
"2024-05-25","DP",0.0418799797827816,0
"2024-05-25","LP",0.038499487809476,0
"2024-05-25","LSDDP.LRP",0.0195324311496269,0
"2024-05-25","LLRA.KSS",0.0252167911697507,0
"2024-05-25","TT.LT",0.0185281528057213,0
"2024-05-25","VL",0.10520648388544,10
"2024-05-25","NA.",0.123550003772406,11
"2024-06-01","TS.LKD",0.15750388927509,14
"2024-06-01","LVZS",0.0920133435980987,8
"2024-06-01","LSDP",0.196630911340389,18
"2024-06-01","LRLS",0.0916586468191784,8
"2024-06-01","DP",0.0403363468661814,0
"2024-06-01","LP",0.0382228080177913,0
"2024-06-01","LSDDP.LRP",0.0195591778080335,0
"2024-06-01","LLRA.KSS",0.0251857133862752,0
"2024-06-01","TT.LT",0.0182824580553619,0
"2024-06-01","VL",0.10481423184211,10
"2024-06-01","NA.",0.128792472991491,12
"2024-06-08","TS.LKD",0.157521499026122,14
"2024-06-08","LVZS",0.09155287148867,8
"2024-06-08","LSDP",0.196043042256535,18
"2024-06-08","LRLS",0.0916146309489367,8
"2024-06-08","DP",0.0394374397170822,0
"2024-06-08","LP",0.0378592180510923,0
"2024-06-08","LSDDP.LRP",0.0195630330988341,0
"2024-06-08","LLRA.KSS",0.0251532850515738,0
"2024-06-08","TT.LT",0.0181156284979544,0
"2024-06-08","VL",0.105352356309719,10
"2024-06-08","NA.",0.13078699555348,12
"2024-06-15","TS.LKD",0.158085193981941,14
"2024-06-15","LVZS",0.0915002186502793,8
"2024-06-15","LSDP",0.19643584077266,18
"2024-06-15","LRLS",0.091863663776633,8
"2024-06-15","DP",0.0387199695640483,0
"2024-06-15","LP",0.037677422016882,0
"2024-06-15","LSDDP.LRP",0.0197268182563311,0
"2024-06-15","LLRA.KSS",0.0252275850168443,0
"2024-06-15","TT.LT",0.0180606697673316,0
"2024-06-15","VL",0.106086925911915,10
"2024-06-15","NA.",0.129615692285135,12
"2024-06-22","TS.LKD",0.159313270452103,15
"2024-06-22","LVZS",0.0917195121852632,8
"2024-06-22","LSDP",0.197182986503714,18
"2024-06-22","LRLS",0.0924669617301685,8
"2024-06-22","DP",0.0380873778032162,0
"2024-06-22","LP",0.03775612510216,0
"2024-06-22","LSDDP.LRP",0.0198026420601118,0
"2024-06-22","LLRA.KSS",0.0253248246258051,0
"2024-06-22","TT.LT",0.018064002608226,0
"2024-06-22","VL",0.10720296460891,10
"2024-06-22","NA.",0.126079332320323,11
"2024-06-29","TS.LKD",0.161067861042734,15
"2024-06-29","LVZS",0.0921234197253882,8
"2024-06-29","LSDP",0.198795196100475,18
"2024-06-29","LRLS",0.0931702458736984,8
"2024-06-29","DP",0.0373027138150122,0
"2024-06-29","LP",0.0377572855426906,0
"2024-06-29","LSDDP.LRP",0.0197716015970024,0
"2024-06-29","LLRA.KSS",0.0253431361962493,0
"2024-06-29","TT.LT",0.0181090441677168,0
"2024-06-29","VL",0.108302636962761,10
"2024-06-29","NA.",0.121256858976272,11
"2024-07-06","TS.LKD",0.162851725119914,15
"2024-07-06","LVZS",0.0924773786206736,8
"2024-07-06","LSDP",0.200175218808313,18
"2024-07-06","LRLS",0.0939586591010075,9
"2024-07-06","DP",0.0364442226859131,0
"2024-07-06","LP",0.0379911113150203,0
"2024-07-06","LSDDP.LRP",0.0198730259836721,0
"2024-07-06","LLRA.KSS",0.0255369237806328,0
"2024-07-06","TT.LT",0.0181814528065067,0
"2024-07-06","VL",0.109587679419812,10
"2024-07-06","NA.",0.115922602358535,10
"2024-07-13","TS.LKD",0.164505572586553,15
"2024-07-13","LVZS",0.0929649269420649,8
"2024-07-13","LSDP",0.201529132365913,18
"2024-07-13","LRLS",0.094654187419723,9
"2024-07-13","DP",0.0353544551214012,0
"2024-07-13","LP",0.0380352059241805,0
"2024-07-13","LSDDP.LRP",0.0198375944256287,0
"2024-07-13","LLRA.KSS",0.0257220353440754,0
"2024-07-13","TT.LT",0.0182652937205586,0
"2024-07-13","VL",0.111006283519847,10
"2024-07-13","NA.",0.111125312630055,10
"2024-07-20","TS.LKD",0.16545225683969,15
"2024-07-20","LVZS",0.0930485236803743,8
"2024-07-20","LSDP",0.202910758966157,18
"2024-07-20","LRLS",0.0953181381857152,9
"2024-07-20","DP",0.0343630773973623,0
"2024-07-20","LP",0.037874453165354,0
"2024-07-20","LSDDP.LRP",0.0196358943538838,0
"2024-07-20","LLRA.KSS",0.0258115388966251,0
"2024-07-20","TT.LT",0.0182416181068933,0
"2024-07-20","VL",0.112161170238217,10
"2024-07-20","NA.",0.108182570169729,10
"2024-07-27","TS.LKD",0.166078049244653,15
"2024-07-27","LVZS",0.0927561093997376,8
"2024-07-27","LSDP",0.20334009396861,18
"2024-07-27","LRLS",0.0956017178788504,9
"2024-07-27","DP",0.0332976570877143,0
"2024-07-27","LP",0.0376649773436219,0
"2024-07-27","LSDDP.LRP",0.0195377266505045,0
"2024-07-27","LLRA.KSS",0.0258853901986259,0
"2024-07-27","TT.LT",0.0181742868988235,0
"2024-07-27","VL",0.113048665146055,10
"2024-07-27","NA.",0.107615326182804,10
"2024-08-03","TS.LKD",0.166504007972629,15
"2024-08-03","LVZS",0.0920782359895705,8
"2024-08-03","LSDP",0.202339045566013,18
"2024-08-03","LRLS",0.0956206327862988,9
"2024-08-03","DP",0.0321825576003078,0
"2024-08-03","LP",0.0371872084177607,0
"2024-08-03","LSDDP.LRP",0.0191021861420039,0
"2024-08-03","LLRA.KSS",0.0257641620335641,0
"2024-08-03","TT.LT",0.017955779488083,0
"2024-08-03","VL",0.113161992175325,10
"2024-08-03","NA.",0.111104191828444,10
"2024-08-10","TS.LKD",0.166301285096326,15
"2024-08-10","LVZS",0.0912290903948539,8
"2024-08-10","LSDP",0.200938602427839,18
"2024-08-10","LRLS",0.095712671152103,9
"2024-08-10","DP",0.0310591801476079,0
"2024-08-10","LP",0.0366176449276654,0
"2024-08-10","LSDDP.LRP",0.0186881797534925,0
"2024-08-10","LLRA.KSS",0.0256049528906925,0
"2024-08-10","TT.LT",0.017857456748845,0
"2024-08-10","VL",0.113378983304088,10
"2024-08-10","NA.",0.115611953156486,10
"2024-08-17","TS.LKD",0.166502769680324,15
"2024-08-17","LVZS",0.0903722282624747,8
"2024-08-17","LSDP",0.19937322502377,18
"2024-08-17","LRLS",0.0954140230510799,8
"2024-08-17","DP",0.0296004384279026,0
"2024-08-17","LP",0.0361838328871761,0
"2024-08-17","LSDDP.LRP",0.0182493335715024,0
"2024-08-17","LLRA.KSS",0.0254992170220877,0
"2024-08-17","TT.LT",0.0177108290700392,0
"2024-08-17","VL",0.113508450350065,10
"2024-08-17","NA.",0.120585652653579,11
"2024-08-24","TS.LKD",0.166200860111682,15
"2024-08-24","LVZS",0.089503140827676,8
"2024-08-24","LSDP",0.19742356633743,18
"2024-08-24","LRLS",0.0951863301614151,8
"2024-08-24","DP",0.0284268712104178,0
"2024-08-24","LP",0.0356670168560551,0
"2024-08-24","LSDDP.LRP",0.0175376814265726,0
"2024-08-24","LLRA.KSS",0.0253623947592612,0
"2024-08-24","TT.LT",0.0175742928558161,0
"2024-08-24","VL",0.113635868966576,10
"2024-08-24","NA.",0.126481976487098,11
"2024-08-31","TS.LKD",0.165289042235724,15
"2024-08-31","LVZS",0.0884336471979788,8
"2024-08-31","LSDP",0.196252353548325,17
"2024-08-31","LRLS",0.0949792432898522,8
"2024-08-31","DP",0.0272266896144254,0
"2024-08-31","LP",0.0352142980706494,0
"2024-08-31","LSDDP.LRP",0.0170239703645287,0
"2024-08-31","LLRA.KSS",0.025261996679195,0
"2024-08-31","TT.LT",0.017410796469465,0
"2024-08-31","VL",0.113371438527442,10
"2024-08-31","NA.",0.132536524002414,12
"2024-09-07","TS.LKD",0.16436136522912,15
"2024-09-07","LVZS",0.0869940724068227,8
"2024-09-07","LSDP",0.194021143483295,17
"2024-09-07","LRLS",0.094469175008059,8
"2024-09-07","DP",0.0260677500985522,0
"2024-09-07","LP",0.0345258635574932,0
"2024-09-07","LSDDP.LRP",0.0163525035711925,0
"2024-09-07","LLRA.KSS",0.0251920559354979,0
"2024-09-07","TT.LT",0.0171329245199114,0
"2024-09-07","VL",0.112973026683928,10
"2024-09-07","NA.",0.140910119506128,12
"2024-09-14","TS.LKD",0.162897829700035,14
"2024-09-14","LVZS",0.0855912020716635,8
"2024-09-14","LSDP",0.191147039224592,17
"2024-09-14","LRLS",0.0941491040966965,8
"2024-09-14","DP",0.0252348965591778,0
"2024-09-14","LP",0.0336871959437767,0
"2024-09-14","LSDDP.LRP",0.0157203111933774,0
"2024-09-14","LLRA.KSS",0.0250357470569355,0
"2024-09-14","TT.LT",0.0168236949803504,0
"2024-09-14","VL",0.112836415973258,10
"2024-09-14","NA.",0.149876563200137,13
"2024-09-21","TS.LKD",0.161762580166989,14
"2024-09-21","LVZS",0.0839364541376234,7
"2024-09-21","LSDP",0.18828119806006,17
"2024-09-21","LRLS",0.0936674225821953,8
"2024-09-21","DP",0.0243009753101685,0
"2024-09-21","LP",0.0327499782832568,0
"2024-09-21","LSDDP.LRP",0.0151779464617094,0
"2024-09-21","LLRA.KSS",0.0248404223844404,0
"2024-09-21","TT.LT",0.0165149537360113,0
"2024-09-21","VL",0.112348738305601,10
"2024-09-21","NA.",0.159419330571944,14
"2024-09-28","TS.LKD",0.160749915538457,14
"2024-09-28","LVZS",0.0822601234489699,7
"2024-09-28","LSDP",0.185054323696044,16
"2024-09-28","LRLS",0.0930479468302504,8
"2024-09-28","DP",0.023439055378156,0
"2024-09-28","LP",0.0317584591797194,0
"2024-09-28","LSDDP.LRP",0.0144713825476091,0
"2024-09-28","LLRA.KSS",0.0245915471781895,0
"2024-09-28","TT.LT",0.0163355497324135,0
"2024-09-28","VL",0.112414040388317,10
"2024-09-28","NA.",0.168877656081874,15
"2024-10-05","TS.LKD",0.159512773132922,14
"2024-10-05","LVZS",0.0809328410190347,7
"2024-10-05","LSDP",0.182154836373852,16
"2024-10-05","LRLS",0.0925810085697745,8
"2024-10-05","DP",0.022931797311438,0
"2024-10-05","LP",0.0308022756031606,0
"2024-10-05","LSDDP.LRP",0.0137056190099306,0
"2024-10-05","LLRA.KSS",0.0243419187821841,0
"2024-10-05","TT.LT",0.0160923092356117,0
"2024-10-05","VL",0.112042648978871,10
"2024-10-05","NA.",0.17790197198322,15
"2024-10-12","TS.LKD",0.15872166044558,14
"2024-10-12","LVZS",0.080150262979785,7
"2024-10-12","LSDP",0.179651471701492,15
"2024-10-12","LRLS",0.0921951131341503,8
"2024-10-12","DP",0.0223542054272539,0
"2024-10-12","LP",0.0299568425730133,0
"2024-10-12","LSDDP.LRP",0.0131380982190848,0
"2024-10-12","LLRA.KSS",0.0241553065909658,0
"2024-10-12","TT.LT",0.0159021398404053,0
"2024-10-12","VL",0.111808399638672,10
"2024-10-12","NA.",0.184966499449598,16
"2024-10-19","TS.LKD",0.1578333192427,14
"2024-10-19","LVZS",0.0792223842608555,7
"2024-10-19","LSDP",0.177558833983331,15
"2024-10-19","LRLS",0.091748838617448,8
"2024-10-19","DP",0.021890261585593,0
"2024-10-19","LP",0.0292822159106742,0
"2024-10-19","LSDDP.LRP",0.0125905365536,0
"2024-10-19","LLRA.KSS",0.0241123573774103,0
"2024-10-19","TT.LT",0.0157734502576104,0
"2024-10-19","VL",0.112159900807687,10
"2024-10-19","NA.",0.190827901403091,16
"2024-10-26","TS.LKD",0.156678689623031,13
"2024-10-26","LVZS",0.0785498669489018,7
"2024-10-26","LSDP",0.175814219648051,15
"2024-10-26","LRLS",0.0915187545186939,8
"2024-10-26","DP",0.0214298239014372,0
"2024-10-26","LP",0.0285500385489359,0
"2024-10-26","LSDDP.LRP",0.0121734288356491,0
"2024-10-26","LLRA.KSS",0.0240925002591531,0
"2024-10-26","TT.LT",0.0156291495272544,0
"2024-10-26","VL",0.112257627152546,10
"2024-10-26","NA.",0.196305901036347,17
"2024-11-02","TS.LKD",0.156395937439777,13
"2024-11-02","LVZS",0.0782248961194085,7
"2024-11-02","LSDP",0.174695203722162,15
"2024-11-02","LRLS",0.0915357443878672,8
"2024-11-02","DP",0.0210561692338957,0
"2024-11-02","LP",0.0281237196175675,0
"2024-11-02","LSDDP.LRP",0.0118416080050232,0
"2024-11-02","LLRA.KSS",0.0240457198656441,0
"2024-11-02","TT.LT",0.0155966081543507,0
"2024-11-02","VL",0.112786659087529,10
"2024-11-02","NA.",0.198697734366775,17
"2024-11-09","TS.LKD",0.156512953488827,13
"2024-11-09","LVZS",0.0774916752764468,7
"2024-11-09","LSDP",0.173604771213964,15
"2024-11-09","LRLS",0.0916611457288891,8
"2024-11-09","DP",0.0208294997119238,0
"2024-11-09","LP",0.0277242850890081,0
"2024-11-09","LSDDP.LRP",0.0114449644724893,0
"2024-11-09","LLRA.KSS",0.0240969800518002,0
"2024-11-09","TT.LT",0.0155928223466783,0
"2024-11-09","VL",0.113919136399116,10
"2024-11-09","NA.",0.200121766220857,17
"2024-11-16","TS.LKD",0.15708787643641,13
"2024-11-16","LVZS",0.0773666538809565,7
"2024-11-16","LSDP",0.173474321200287,15
"2024-11-16","LRLS",0.0921374585609397,8
"2024-11-16","DP",0.02069321439995,0
"2024-11-16","LP",0.0275171200747303,0
"2024-11-16","LSDDP.LRP",0.0113855170865192,0
"2024-11-16","LLRA.KSS",0.0241427569864587,0
"2024-11-16","TT.LT",0.015553078476147,0
"2024-11-16","VL",0.114891187540124,10
"2024-11-16","NA.",0.198750815357477,17
"2024-11-23","TS.LKD",0.158289976816877,13
"2024-11-23","LVZS",0.0776230623783647,7
"2024-11-23","LSDP",0.173542969051421,15
"2024-11-23","LRLS",0.092694253485796,8
"2024-11-23","DP",0.02107204289858,0
"2024-11-23","LP",0.027423245614311,0
"2024-11-23","LSDDP.LRP",0.0114930015827592,0
"2024-11-23","LLRA.KSS",0.024278060339933,0
"2024-11-23","TT.LT",0.0155679168073819,0
"2024-11-23","VL",0.116537137049904,10
"2024-11-23","NA.",0.194478333974672,17
"2024-11-30","TS.LKD",0.159461373997135,14
"2024-11-30","LVZS",0.0778748165508877,7
"2024-11-30","LSDP",0.173633318331254,15
"2024-11-30","LRLS",0.0932148116535669,8
"2024-11-30","DP",0.0212092820819537,0
"2024-11-30","LP",0.0272547328448762,0
"2024-11-30","LSDDP.LRP",0.0114980197224008,0
"2024-11-30","LLRA.KSS",0.0245526055579107,0
"2024-11-30","TT.LT",0.0156441818480603,0
"2024-11-30","VL",0.118401450392691,10
"2024-11-30","NA.",0.190255407019264,16
"2024-12-07","TS.LKD",0.160374565458115,14
"2024-12-07","LVZS",0.0784098347323311,7
"2024-12-07","LSDP",0.174151583633042,15
"2024-12-07","LRLS",0.0940131674926311,8
"2024-12-07","DP",0.0213762254313718,0
"2024-12-07","LP",0.0272583597555325,0
"2024-12-07","LSDDP.LRP",0.0117718379400681,0
"2024-12-07","LLRA.KSS",0.0247051557390089,0
"2024-12-07","TT.LT",0.0156684045314164,0
"2024-12-07","VL",0.12017846000273,10
"2024-12-07","NA.",0.185092405283753,16
"2024-12-14","TS.LKD",0.185752715085396,16
"2024-12-14","LVZS",0.0939090531811904,8
"2024-12-14","LSDP",0.201932801003625,18
"2024-12-14","LRLS",0.108289332699405,10
"2024-12-14","DP",0.0252284197110511,0
"2024-12-14","LP",0.0326201090685185,0
"2024-12-14","LSDDP.LRP",0.0157455156978503,0
"2024-12-14","LLRA.KSS",0.0284700618309186,0
"2024-12-14","TT.LT",0.018516575115101,0
"2024-12-14","VL",0.0830553839652789,7
"2024-12-14","NA.",0.119480032641666,11
"2024-12-21","TS.LKD",0.186779859489446,17
"2024-12-21","LVZS",0.0945755130864657,8
"2024-12-21","LSDP",0.202116229538406,18
"2024-12-21","LRLS",0.109248221758457,10
"2024-12-21","DP",0.0250088555289942,0
"2024-12-21","LP",0.0324461091224789,0
"2024-12-21","LSDDP.LRP",0.0157787117274959,0
"2024-12-21","LLRA.KSS",0.0287695757071576,0
"2024-12-21","TT.LT",0.0185630719970766,0
"2024-12-21","VL",0.0844541860802636,7
"2024-12-21","NA.",0.115259665963759,10
"2024-12-28","TS.LKD",0.188099754091326,17
"2024-12-28","LVZS",0.0950832510072239,8
"2024-12-28","LSDP",0.202964917810498,18
"2024-12-28","LRLS",0.110023029021739,10
"2024-12-28","DP",0.0252655469375458,0
"2024-12-28","LP",0.0323421963628184,0
"2024-12-28","LSDDP.LRP",0.0158730353254752,0
"2024-12-28","LLRA.KSS",0.0290532430123258,0
"2024-12-28","TT.LT",0.018561274403084,0
"2024-12-28","VL",0.0856580434492421,7
"2024-12-28","NA.",0.110075708578722,10
"2025-01-04","TS.LKD",0.189910794288547,17
"2025-01-04","LVZS",0.0959492999945437,8
"2025-01-04","LSDP",0.203320052026135,18
"2025-01-04","LRLS",0.11095947683625,10
"2025-01-04","DP",0.0253692195978734,0
"2025-01-04","LP",0.0323764349023335,0
"2025-01-04","LSDDP.LRP",0.0157840685033714,0
"2025-01-04","LLRA.KSS",0.0293941159264086,0
"2025-01-04","TT.LT",0.0186113316700171,0
"2025-01-04","VL",0.0868301320672473,8
"2025-01-04","NA.",0.104495074187272,9
"2025-01-11","TS.LKD",0.191221115305874,17
"2025-01-11","LVZS",0.0964681460755179,8
"2025-01-11","LSDP",0.203619631783211,18
"2025-01-11","LRLS",0.11173658609359,10
"2025-01-11","DP",0.0254890066837586,0
"2025-01-11","LP",0.0323355338659014,0
"2025-01-11","LSDDP.LRP",0.0157225430072246,0
"2025-01-11","LLRA.KSS",0.0296908473989617,0
"2025-01-11","TT.LT",0.0186999504762029,0
"2025-01-11","VL",0.088282008080808,8
"2025-01-11","NA.",0.0997346312289498,9
"2025-01-18","TS.LKD",0.192792930252864,17
"2025-01-18","LVZS",0.0970500523215162,9
"2025-01-18","LSDP",0.204068148217702,18
"2025-01-18","LRLS",0.112640651576435,10
"2025-01-18","DP",0.0256425400973065,0
"2025-01-18","LP",0.0323975928622884,0
"2025-01-18","LSDDP.LRP",0.01558021278523,0
"2025-01-18","LLRA.KSS",0.0299410546468724,0
"2025-01-18","TT.LT",0.018741683777583,0
"2025-01-18","VL",0.0896362466742195,8
"2025-01-18","NA.",0.0945088867879828,8
"2025-01-25","TS.LKD",0.194214841211689,17
"2025-01-25","LVZS",0.0975970947950379,9
"2025-01-25","LSDP",0.203769954464778,18
"2025-01-25","LRLS",0.11365745523907,10
"2025-01-25","DP",0.0255024805136883,0
"2025-01-25","LP",0.03240647867421,0
"2025-01-25","LSDDP.LRP",0.0154721358859049,0
"2025-01-25","LLRA.KSS",0.0300573305974967,0
"2025-01-25","TT.LT",0.018748253733967,0
"2025-01-25","VL",0.0909381445040867,8
"2025-01-25","NA.",0.0906358303800714,8
"2025-02-01","TS.LKD",0.195330131812978,17
"2025-02-01","LVZS",0.0976281026716375,9
"2025-02-01","LSDP",0.203142647173889,18
"2025-02-01","LRLS",0.114009139023621,10
"2025-02-01","DP",0.0254823680744491,0
"2025-02-01","LP",0.0323248254992893,0
"2025-02-01","LSDDP.LRP",0.0153503952311685,0
"2025-02-01","LLRA.KSS",0.0303272354420705,0
"2025-02-01","TT.LT",0.0186491050958564,0
"2025-02-01","VL",0.0915670514496676,8
"2025-02-01","NA.",0.0891889985253735,8
"2025-02-09","TS.LKD",0.195903959550349,17
"2025-02-09","LVZS",0.097531043029216,9
"2025-02-09","LSDP",0.202096688763305,18
"2025-02-09","LRLS",0.114232198976857,10
"2025-02-09","DP",0.0253345185770992,0
"2025-02-09","LP",0.0322022296485504,0
"2025-02-09","LSDDP.LRP",0.0151563712128482,0
"2025-02-09","LLRA.KSS",0.0306205947821055,0
"2025-02-09","TT.LT",0.0185760693210686,0
"2025-02-09","VL",0.0915614417705046,8
"2025-02-09","NA.",0.0897848843680962,8
"2025-02-16","TS.LKD",0.196436458410836,17
"2025-02-16","LVZS",0.0974468984626303,9
"2025-02-16","LSDP",0.201049669983291,18
"2025-02-16","LRLS",0.114175168627402,10
"2025-02-16","DP",0.025046965324166,0
"2025-02-16","LP",0.0321740067031061,0
"2025-02-16","LSDDP.LRP",0.0149353681961886,0
"2025-02-16","LLRA.KSS",0.0307011163660274,0
"2025-02-16","TT.LT",0.0184445209613577,0
"2025-02-16","VL",0.0910537727694677,8
"2025-02-16","NA.",0.091536054195527,8
"2025-02-23","TS.LKD",0.196830867902102,17
"2025-02-23","LVZS",0.0972987524541357,9
"2025-02-23","LSDP",0.200207104994886,18
"2025-02-23","LRLS",0.114308311707638,10
"2025-02-23","DP",0.0249651504363977,0
"2025-02-23","LP",0.0321208844709959,0
"2025-02-23","LSDDP.LRP",0.0147678599712491,0
"2025-02-23","LLRA.KSS",0.030993732040551,0
"2025-02-23","TT.LT",0.0183519634396486,0
"2025-02-23","VL",0.090436800820893,8
"2025-02-23","NA.",0.0927185717615036,8
"2025-03-02","TS.LKD",0.197672257447417,17
"2025-03-02","LVZS",0.0973553717548313,9
"2025-03-02","LSDP",0.199367305568189,18
"2025-03-02","LRLS",0.114695776100082,10
"2025-03-02","DP",0.0248676480923781,0
"2025-03-02","LP",0.0320719192043683,0
"2025-03-02","LSDDP.LRP",0.0146322321778414,0
"2025-03-02","LLRA.KSS",0.0311744864617431,0
"2025-03-02","TT.LT",0.0182688344810215,0
"2025-03-02","VL",0.090163996197388,8
"2025-03-02","NA.",0.0927301725147406,8
"2025-03-09","TS.LKD",0.199393417647232,17
"2025-03-09","LVZS",0.097673548123857,9
"2025-03-09","LSDP",0.199750050724296,18
"2025-03-09","LRLS",0.115501808877469,10
"2025-03-09","DP",0.0249818366750436,0
"2025-03-09","LP",0.0322283518862488,0
"2025-03-09","LSDDP.LRP",0.0147094414953431,0
"2025-03-09","LLRA.KSS",0.031576615452216,0
"2025-03-09","TT.LT",0.0182426372357384,0
"2025-03-09","VL",0.090569004216434,8
"2025-03-09","NA.",0.0883732876661213,8
"2025-03-16","TS.LKD",0.201162326003513,18
"2025-03-16","LVZS",0.0980328836719593,9
"2025-03-16","LSDP",0.200285364239907,18
"2025-03-16","LRLS",0.116434042916395,10
"2025-03-16","DP",0.0251842623788368,0
"2025-03-16","LP",0.0322861236279695,0
"2025-03-16","LSDDP.LRP",0.0147056840399075,0
"2025-03-16","LLRA.KSS",0.0320127697183867,0
"2025-03-16","TT.LT",0.0182707969290339,0
"2025-03-16","VL",0.0912706746979658,8
"2025-03-16","NA.",0.0833550717761257,7
"2025-03-23","TS.LKD",0.203053828169661,18
"2025-03-23","LVZS",0.0987728611660699,9
"2025-03-23","LSDP",0.200393763403151,18
"2025-03-23","LRLS",0.117358852277007,10
"2025-03-23","DP",0.0251871771024708,0
"2025-03-23","LP",0.0325168082042987,0
"2025-03-23","LSDDP.LRP",0.0146951664496887,0
"2025-03-23","LLRA.KSS",0.032516706933171,0
"2025-03-23","TT.LT",0.0182633219952713,0
"2025-03-23","VL",0.0916568340158063,8
"2025-03-23","NA.",0.0785846802834036,7
"2025-03-30","TS.LKD",0.204541226789372,18
"2025-03-30","LVZS",0.0994407413834162,9
"2025-03-30","LSDP",0.200557378988741,18
"2025-03-30","LRLS",0.118250944477569,10
"2025-03-30","DP",0.0251539553023063,0
"2025-03-30","LP",0.0325615202721417,0
"2025-03-30","LSDDP.LRP",0.014520798152134,0
"2025-03-30","LLRA.KSS",0.0327623426686934,0
"2025-03-30","TT.LT",0.0183207333358722,0
"2025-03-30","VL",0.0917553091582773,8
"2025-03-30","NA.",0.0751350494714775,7
"2025-04-06","TS.LKD",0.205721828997353,18
"2025-04-06","LVZS",0.099785841365883,9
"2025-04-06","LSDP",0.199650339971191,18
"2025-04-06","LRLS",0.118800398082136,10
"2025-04-06","DP",0.0249293631858674,0
"2025-04-06","LP",0.0326000085630177,0
"2025-04-06","LSDDP.LRP",0.0143358675868743,0
"2025-04-06","LLRA.KSS",0.0330627600690152,0
"2025-04-06","TT.LT",0.0182467703692069,0
"2025-04-06","VL",0.0915530160059116,8
"2025-04-06","NA.",0.0743138058035442,7
"2025-04-13","TS.LKD",0.206376636612767,18
"2025-04-13","LVZS",0.100056175049355,9
"2025-04-13","LSDP",0.198184512800295,17
"2025-04-13","LRLS",0.119242293701268,11
"2025-04-13","DP",0.0247352569372937,0
"2025-04-13","LP",0.0326539299774585,0
"2025-04-13","LSDDP.LRP",0.0142329831952169,0
"2025-04-13","LLRA.KSS",0.0333754983494523,0
"2025-04-13","TT.LT",0.0180552897097957,0
"2025-04-13","VL",0.0908932145307779,8
"2025-04-13","NA.",0.0751942091363204,7
"2025-04-20","TS.LKD",0.207225690624777,18
"2025-04-20","LVZS",0.100125170275107,9
"2025-04-20","LSDP",0.1971919754405,17
"2025-04-20","LRLS",0.11935961022592,11
"2025-04-20","DP",0.0245082281460047,0
"2025-04-20","LP",0.0327701911924081,0
"2025-04-20","LSDDP.LRP",0.0140793019104113,0
"2025-04-20","LLRA.KSS",0.0335604072593186,0
"2025-04-20","TT.LT",0.017913171743401,0
"2025-04-20","VL",0.0905344589792185,8
"2025-04-20","NA.",0.0757317942029345,7
"2025-04-27","TS.LKD",0.208273934221207,18
"2025-04-27","LVZS",0.100174743629585,9
"2025-04-27","LSDP",0.196687796200006,17
"2025-04-27","LRLS",0.119743583918081,11
"2025-04-27","DP",0.0244249895942621,0
"2025-04-27","LP",0.0330806886124533,0
"2025-04-27","LSDDP.LRP",0.0140226388356836,0
"2025-04-27","LLRA.KSS",0.0338162058171495,0
"2025-04-27","TT.LT",0.0178328383118239,0
"2025-04-27","VL",0.0900187475716523,8
"2025-04-27","NA.",0.0749238332880963,7
"2025-05-04","TS.LKD",0.209712804100615,19
"2025-05-04","LVZS",0.100774461582011,9
"2025-05-04","LSDP",0.196207932085832,17
"2025-05-04","LRLS",0.120535496824045,11
"2025-05-04","DP",0.0243951721673007,0
"2025-05-04","LP",0.0332820745243216,0
"2025-05-04","LSDDP.LRP",0.0140025851356407,0
"2025-05-04","LLRA.KSS",0.0340831554799624,0
"2025-05-04","TT.LT",0.017758134531637,0
"2025-05-04","VL",0.0898313070855788,8
"2025-05-04","NA.",0.072416876483057,6
"2025-05-11","TS.LKD",0.211509047768146,19
"2025-05-11","LVZS",0.101433717698225,9
"2025-05-11","LSDP",0.196835393418251,17
"2025-05-11","LRLS",0.121479244746774,11
"2025-05-11","DP",0.0243749756758593,0
"2025-05-11","LP",0.0335866283868137,0
"2025-05-11","LSDDP.LRP",0.0138962540836598,0
"2025-05-11","LLRA.KSS",0.0346819948604923,0
"2025-05-11","TT.LT",0.0177646861883533,0
"2025-05-11","VL",0.0901090353990796,8
"2025-05-11","NA.",0.0673290217743469,6
"2025-05-18","TS.LKD",0.213442821689086,19
"2025-05-18","LVZS",0.102262628390588,9
"2025-05-18","LSDP",0.197277724994645,17
"2025-05-18","LRLS",0.122405000767461,11
"2025-05-18","DP",0.0243909656672348,0
"2025-05-18","LP",0.0339069694917596,0
"2025-05-18","LSDDP.LRP",0.0138720941679683,0
"2025-05-18","LLRA.KSS",0.0351661583443116,0
"2025-05-18","TT.LT",0.0178322403660808,0
"2025-05-18","VL",0.0901326789123495,8
"2025-05-18","NA.",0.062310717208515,6
"2025-05-25","TS.LKD",0.215305769499701,19
"2025-05-25","LVZS",0.103078943096503,9
"2025-05-25","LSDP",0.197433805551741,18
"2025-05-25","LRLS",0.123264161494161,11
"2025-05-25","DP",0.0243703586808961,0
"2025-05-25","LP",0.0342386123036676,0
"2025-05-25","LSDDP.LRP",0.0138712283083815,0
"2025-05-25","LLRA.KSS",0.0356632327522713,0
"2025-05-25","TT.LT",0.0178027922382005,0
"2025-05-25","VL",0.0903843829629298,8
"2025-05-25","NA.",0.057586713111547,5
"2025-06-01","TS.LKD",0.216924016692541,19
"2025-06-01","LVZS",0.103301051966832,9
"2025-06-01","LSDP",0.197018145116008,18
"2025-06-01","LRLS",0.123733936539745,11
"2025-06-01","DP",0.0246006608168498,0
"2025-06-01","LP",0.0346169149646926,0
"2025-06-01","LSDDP.LRP",0.0137485481435827,0
"2025-06-01","LLRA.KSS",0.0359771418404521,0
"2025-06-01","TT.LT",0.0177252537384929,0
"2025-06-01","VL",0.0901086761083318,8
"2025-06-01","NA.",0.0552456540724725,5
"2025-06-08","TS.LKD",0.218064935371813,19
"2025-06-08","LVZS",0.103521782146445,9
"2025-06-08","LSDP",0.195815964442294,18
"2025-06-08","LRLS",0.124094429521071,11
"2025-06-08","DP",0.0243658592270611,0
"2025-06-08","LP",0.0350405414261787,0
"2025-06-08","LSDDP.LRP",0.0137479268740031,0
"2025-06-08","LLRA.KSS",0.0361658504896275,0
"2025-06-08","TT.LT",0.0177041057226337,0
"2025-06-08","VL",0.0893274224118806,8
"2025-06-08","NA.",0.0551511823669924,5
"2025-06-15","TS.LKD",0.218731014131541,20
"2025-06-15","LVZS",0.10355910135768,9
"2025-06-15","LSDP",0.194563696989178,17
"2025-06-15","LRLS",0.124441457946481,11
"2025-06-15","DP",0.0242124582559623,0
"2025-06-15","LP",0.0352460937319071,0
"2025-06-15","LSDDP.LRP",0.013531553069264,0
"2025-06-15","LLRA.KSS",0.0362973332635076,0
"2025-06-15","TT.LT",0.0175681351222223,0
"2025-06-15","VL",0.0887916197690917,8
"2025-06-15","NA.",0.0560575363631652,5
"2025-06-22","TS.LKD",0.21975577529411,20
"2025-06-22","LVZS",0.103905527773494,9
"2025-06-22","LSDP",0.192702363783551,17
"2025-06-22","LRLS",0.124761012793714,11
"2025-06-22","DP",0.0241058833939696,0
"2025-06-22","LP",0.0355380186333568,0
"2025-06-22","LSDDP.LRP",0.013300129701348,0
"2025-06-22","LLRA.KSS",0.0363631595359146,0
"2025-06-22","TT.LT",0.0174407028976775,0
"2025-06-22","VL",0.0878121347004645,8
"2025-06-22","NA.",0.0573152914924002,5
"2025-06-29","TS.LKD",0.220915855574009,20
"2025-06-29","LVZS",0.104179641836508,9
"2025-06-29","LSDP",0.191577303273678,17
"2025-06-29","LRLS",0.124762940935754,11
"2025-06-29","DP",0.023808328278777,0
"2025-06-29","LP",0.0358285223672048,0
"2025-06-29","LSDDP.LRP",0.0132386653053013,0
"2025-06-29","LLRA.KSS",0.0366460619440252,0
"2025-06-29","TT.LT",0.017331528964609,0
"2025-06-29","VL",0.0869440031889644,8
"2025-06-29","NA.",0.0577671483311699,5
"2025-07-06","TS.LKD",0.222033384067748,20
"2025-07-06","LVZS",0.104649071837209,9
"2025-07-06","LSDP",0.190758995354244,17
"2025-07-06","LRLS",0.124809258597168,11
"2025-07-06","DP",0.0237977105825386,0
"2025-07-06","LP",0.0360796345247478,0
"2025-07-06","LSDDP.LRP",0.0130301130971971,0
"2025-07-06","LLRA.KSS",0.0368581745876151,0
"2025-07-06","TT.LT",0.0172251281546426,0
"2025-07-06","VL",0.0863404636918927,8
"2025-07-06","NA.",0.0574180655049979,5
"2025-07-13","TS.LKD",0.223745879308942,20
"2025-07-13","LVZS",0.104910498468154,9
"2025-07-13","LSDP",0.189910577930496,17
"2025-07-13","LRLS",0.124952514412048,11
"2025-07-13","DP",0.023661049613878,0
"2025-07-13","LP",0.0365716501183697,0
"2025-07-13","LSDDP.LRP",0.0128086118390444,0
"2025-07-13","LLRA.KSS",0.0371342785154807,0
"2025-07-13","TT.LT",0.0171843212581428,0
"2025-07-13","VL",0.0854597533378902,8
"2025-07-13","NA.",0.0566608651975546,5
"2025-07-20","TS.LKD",0.224736623491121,20
"2025-07-20","LVZS",0.104893351141204,9
"2025-07-20","LSDP",0.189310841243265,17
"2025-07-20","LRLS",0.124912740578792,11
"2025-07-20","DP",0.0237365935970352,0
"2025-07-20","LP",0.0369107315313977,0
"2025-07-20","LSDDP.LRP",0.0125991054798247,0
"2025-07-20","LLRA.KSS",0.0372116334565552,0
"2025-07-20","TT.LT",0.0170135187085644,0
"2025-07-20","VL",0.0850493195834882,8
"2025-07-20","NA.",0.0566255411887535,5
"2025-07-27","TS.LKD",0.225022653352568,20
"2025-07-27","LVZS",0.105078157679194,9
"2025-07-27","LSDP",0.188063797719058,17
"2025-07-27","LRLS",0.124649081284099,11
"2025-07-27","DP",0.0236737208175166,0
"2025-07-27","LP",0.0371218028345653,0
"2025-07-27","LSDDP.LRP",0.0122927556263227,0
"2025-07-27","LLRA.KSS",0.0372585444873983,0
"2025-07-27","TT.LT",0.0168076940553236,0
"2025-07-27","VL",0.0841306177445575,8
"2025-07-27","NA.",0.0589011743993978,5
"2025-08-03","TS.LKD",0.225375463830482,20
"2025-08-03","LVZS",0.104534159633814,9
"2025-08-03","LSDP",0.186489195876637,17
"2025-08-03","LRLS",0.124066858477238,11
"2025-08-03","DP",0.0235064360725951,0
"2025-08-03","LP",0.0373342869112184,0
"2025-08-03","LSDDP.LRP",0.0119015990699784,0
"2025-08-03","LLRA.KSS",0.0371545824209206,0
"2025-08-03","TT.LT",0.0166071622987495,0
"2025-08-03","VL",0.0827387849510096,7
"2025-08-03","NA.",0.0632914704573568,6
"2025-08-10","TS.LKD",0.224690191314442,20
"2025-08-10","LVZS",0.103965261054426,9
"2025-08-10","LSDP",0.183933915230587,17
"2025-08-10","LRLS",0.123128832762033,11
"2025-08-10","DP",0.0234090446759726,0
"2025-08-10","LP",0.0372209942852539,0
"2025-08-10","LSDDP.LRP",0.011503378799777,0
"2025-08-10","LLRA.KSS",0.0369050523842801,0
"2025-08-10","TT.LT",0.0163573128907462,0
"2025-08-10","VL",0.081068916674648,7
"2025-08-10","NA.",0.0708170999278344,6
"2025-08-17","TS.LKD",0.22370423559391,20
"2025-08-17","LVZS",0.103458818038974,9
"2025-08-17","LSDP",0.18123905536381,16
"2025-08-17","LRLS",0.122027774209603,11
"2025-08-17","DP",0.0230670152541127,0
"2025-08-17","LP",0.0369755223697232,0
"2025-08-17","LSDDP.LRP",0.011203799536732,0
"2025-08-17","LLRA.KSS",0.0368703262838764,0
"2025-08-17","TT.LT",0.0161539069493794,0
"2025-08-17","VL",0.0790724266174662,7
"2025-08-17","NA.",0.0792271197824128,7
"2025-08-24","TS.LKD",0.222710337945718,20
"2025-08-24","LVZS",0.102480954240876,9
"2025-08-24","LSDP",0.178795152135084,16
"2025-08-24","LRLS",0.120885982068842,10
"2025-08-24","DP",0.0228229683190574,0
"2025-08-24","LP",0.0367752750955619,0
"2025-08-24","LSDDP.LRP",0.0107785482176941,0
"2025-08-24","LLRA.KSS",0.0367916924294375,0
"2025-08-24","TT.LT",0.0158565585500089,0
"2025-08-24","VL",0.0770139424253592,7
"2025-08-24","NA.",0.0880885885723611,8
"2025-08-31","TS.LKD",0.221132695597357,19
"2025-08-31","LVZS",0.101817021914612,9
"2025-08-31","LSDP",0.175891213841438,15
"2025-08-31","LRLS",0.119610305670401,11
"2025-08-31","DP",0.02265360689255,0
"2025-08-31","LP",0.0366937877804048,0
"2025-08-31","LSDDP.LRP",0.0106264977901986,0
"2025-08-31","LLRA.KSS",0.0365951016716217,0
"2025-08-31","TT.LT",0.0155293385644843,0
"2025-08-31","VL",0.0755410650577819,7
"2025-08-31","NA.",0.09690936521915,9
"2025-09-07","TS.LKD",0.2203620312688,20
"2025-09-07","LVZS",0.101416351288839,9
"2025-09-07","LSDP",0.173387298758258,15
"2025-09-07","LRLS",0.118577734360677,10
"2025-09-07","DP",0.0225805746941584,0
"2025-09-07","LP",0.036562925902853,0
"2025-09-07","LSDDP.LRP",0.0104025702748312,0
"2025-09-07","LLRA.KSS",0.036593026631476,0
"2025-09-07","TT.LT",0.0153710419456627,0
"2025-09-07","VL",0.0744189054417189,7
"2025-09-07","NA.",0.103327539432726,9
"2025-09-14","TS.LKD",0.220249373211044,19
"2025-09-14","LVZS",0.101290616035153,9
"2025-09-14","LSDP",0.171614623749343,15
"2025-09-14","LRLS",0.117891388256537,10
"2025-09-14","DP",0.0225427652563863,0
"2025-09-14","LP",0.0367228463347202,0
"2025-09-14","LSDDP.LRP",0.0101192398520464,0
"2025-09-14","LLRA.KSS",0.0364588524283173,0
"2025-09-14","TT.LT",0.0151576862343932,0
"2025-09-14","VL",0.073673705415391,7
"2025-09-14","NA.",0.107278903226669,10
"2025-09-21","TS.LKD",0.220867158744626,20
"2025-09-21","LVZS",0.102106798936875,9
"2025-09-21","LSDP",0.170355275914079,15
"2025-09-21","LRLS",0.117553901385118,10
"2025-09-21","DP",0.0226956630785616,0
"2025-09-21","LP",0.0369471644375422,0
"2025-09-21","LSDDP.LRP",0.0101327872926584,0
"2025-09-21","LLRA.KSS",0.0365037230740325,0
"2025-09-21","TT.LT",0.0151509553568125,0
"2025-09-21","VL",0.0734774631193453,7
"2025-09-21","NA.",0.107209108660349,9
"2025-09-28","TS.LKD",0.222872115035776,20
"2025-09-28","LVZS",0.103158343527401,9
"2025-09-28","LSDP",0.170566043388147,15
"2025-09-28","LRLS",0.117877033959745,10
"2025-09-28","DP",0.0229643646431945,0
"2025-09-28","LP",0.0372715595835708,0
"2025-09-28","LSDDP.LRP",0.00995911712294227,0
"2025-09-28","LLRA.KSS",0.0368675119381704,0
"2025-09-28","TT.LT",0.0151675801385162,0
"2025-09-28","VL",0.0740497647470222,7
"2025-09-28","NA.",0.102246565915515,9
"2025-10-05","TS.LKD",0.226068370304473,20
"2025-10-05","LVZS",0.102385892926498,9
"2025-10-05","LSDP",0.171437634222628,15
"2025-10-05","LRLS",0.118732326809234,11
"2025-10-05","DP",0.0232269086392512,0
"2025-10-05","LP",0.0380555195064229,0
"2025-10-05","LSDDP.LRP",0.00999410063411808,0
"2025-10-05","LLRA.KSS",0.036695304171726,0
"2025-10-05","TT.LT",0.0151846046537024,0
"2025-10-05","VL",0.0774970362939209,7
"2025-10-05","NA.",0.0937223018380254,8
"2025-10-12","TS.LKD",0.229661066869808,21
"2025-10-12","LVZS",0.104234617865212,9
"2025-10-12","LSDP",0.172482914597183,15
"2025-10-12","LRLS",0.119841993669161,11
"2025-10-12","DP",0.0237305824298787,0
"2025-10-12","LP",0.0386938677266809,0
"2025-10-12","LSDDP.LRP",0.0100224736523288,0
"2025-10-12","LLRA.KSS",0.037250170925359,0
"2025-10-12","TT.LT",0.0153284933286038,0
"2025-10-12","VL",0.0786932388301971,7
"2025-10-12","NA.",0.0830605801055877,7
"2025-10-19","TS.LKD",0.232803888899333,21
"2025-10-19","LVZS",0.105715152909362,9
"2025-10-19","LSDP",0.174017123450294,16
"2025-10-19","LRLS",0.120962960845662,11
"2025-10-19","DP",0.0242121508658824,0
"2025-10-19","LP",0.0392484410037001,0
"2025-10-19","LSDDP.LRP",0.0100801227665906,0
"2025-10-19","LLRA.KSS",0.0380301688260732,0
"2025-10-19","TT.LT",0.0153975684022565,0
"2025-10-19","VL",0.0796759197987617,7
"2025-10-19","NA.",0.0728565022320846,6
"2025-10-26","TS.LKD",0.235461446458502,21
"2025-10-26","LVZS",0.107233376662389,9
"2025-10-26","LSDP",0.174762389914039,16
"2025-10-26","LRLS",0.122030678170864,11
"2025-10-26","DP",0.0246172631821224,0
"2025-10-26","LP",0.0398532328971178,0
"2025-10-26","LSDDP.LRP",0.0100694178467267,0
"2025-10-26","LLRA.KSS",0.0387230550390908,0
"2025-10-26","TT.LT",0.015581185695837,0
"2025-10-26","VL",0.0805599469679079,7
"2025-10-26","NA.",0.0641080071654031,6
"2025-11-02","TS.LKD",0.237859519477406,21
"2025-11-02","LVZS",0.108697120256646,10
"2025-11-02","LSDP",0.175015951953242,16
"2025-11-02","LRLS",0.122812927254883,11
"2025-11-02","DP",0.0249449015579267,0
"2025-11-02","LP",0.0405173223715718,0
"2025-11-02","LSDDP.LRP",0.0100116384459647,0
"2025-11-02","LLRA.KSS",0.0392122536911272,0
"2025-11-02","TT.LT",0.0156120603673015,0
"2025-11-02","VL",0.0807886380211547,7
"2025-11-02","NA.",0.0575276666027765,5
"2025-11-10","TS.LKD",0.239275429235228,21
"2025-11-10","LVZS",0.109626621985772,10
"2025-11-10","LSDP",0.175055677152653,16
"2025-11-10","LRLS",0.12322982198915,11
"2025-11-10","DP",0.0251076457405776,0
"2025-11-10","LP",0.0409208573637552,0
"2025-11-10","LSDDP.LRP",0.00988683831202027,0
"2025-11-10","LLRA.KSS",0.039628609323537,0
"2025-11-10","TT.LT",0.015566300054244,0
"2025-11-10","VL",0.0811499753227691,7
"2025-11-10","NA.",0.053552223520294,5
