"date","party","res","mandates"
"2024-10-28","TS.LKD",0.16003300117358,14
"2024-10-28","LVZS",0.0869962583321825,8
"2024-10-28","LSDP",0.18621323972808,16
"2024-10-28","LRLS",0.0949852899776843,8
"2024-10-28","DP",0.0232933792547574,0
"2024-10-28","LP",0.0305191005913343,0
"2024-10-28","LLRA.KSS",0.0248461568610445,0
"2024-10-28","VL",0.109733919444081,9
"2024-10-28","NA.",0.170073606334405,15
"2024-10-28","NS",0.0263060483028507,0
"2024-11-04","TS.LKD",0.159432401874478,14
"2024-11-04","LVZS",0.0863891527183525,7
"2024-11-04","LSDP",0.184590859821288,16
"2024-11-04","LRLS",0.0949490041103531,8
"2024-11-04","DP",0.0228554663823657,0
"2024-11-04","LP",0.0300489356271504,0
"2024-11-04","LLRA.KSS",0.0248618565748113,0
"2024-11-04","VL",0.111086587270668,10
"2024-11-04","NA.",0.172546865152904,15
"2024-11-04","NS",0.0262388704676282,0
"2024-11-12","TS.LKD",0.159141624419308,14
"2024-11-12","LVZS",0.0861638613773787,7
"2024-11-12","LSDP",0.182639302626868,16
"2024-11-12","LRLS",0.0948602961924299,8
"2024-11-12","DP",0.0225738736670512,0
"2024-11-12","LP",0.0296028156537542,0
"2024-11-12","LLRA.KSS",0.0248533287465733,0
"2024-11-12","VL",0.112828037783833,10
"2024-11-12","NA.",0.174165742703317,15
"2024-11-12","NS",0.0261711168294858,0
"2024-11-19","TS.LKD",0.159076331166315,14
"2024-11-19","LVZS",0.0857225295065615,7
"2024-11-19","LSDP",0.180933556828156,16
"2024-11-19","LRLS",0.0948483196672625,8
"2024-11-19","DP",0.0222240679927366,0
"2024-11-19","LP",0.0291245992949606,0
"2024-11-19","LLRA.KSS",0.0248720999619925,0
"2024-11-19","VL",0.114443907044927,10
"2024-11-19","NA.",0.175664806551558,15
"2024-11-19","NS",0.0260897819855303,0
"2024-11-26","TS.LKD",0.159037773678837,14
"2024-11-26","LVZS",0.0853570215968619,7
"2024-11-26","LSDP",0.179804177206254,16
"2024-11-26","LRLS",0.0948541190266308,8
"2024-11-26","DP",0.0219641126620146,0
"2024-11-26","LP",0.0287827272114535,0
"2024-11-26","LLRA.KSS",0.0248666711566777,0
"2024-11-26","VL",0.116117200647369,10
"2024-11-26","NA.",0.176178752365879,15
"2024-11-26","NS",0.0260374444480216,0
"2024-12-03","TS.LKD",0.159356240134162,14
"2024-12-03","LVZS",0.0851469641187888,7
"2024-12-03","LSDP",0.178332450769342,16
"2024-12-03","LRLS",0.0948933455418594,8
"2024-12-03","DP",0.02176855111246,0
"2024-12-03","LP",0.0285685085279976,0
"2024-12-03","LLRA.KSS",0.0249048843529163,0
"2024-12-03","VL",0.118337819900198,10
"2024-12-03","NA.",0.175745805716556,15
"2024-12-03","NS",0.0259454298257203,0
"2024-12-10","TS.LKD",0.159263783309968,14
"2024-12-10","LVZS",0.084783542176274,7
"2024-12-10","LSDP",0.177675241298509,15
"2024-12-10","LRLS",0.0949680916596035,8
"2024-12-10","DP",0.021561586634475,0
"2024-12-10","LP",0.0284652235602609,0
"2024-12-10","LLRA.KSS",0.0250487815495026,0
"2024-12-10","VL",0.120281714038856,11
"2024-12-10","NA.",0.175124827147753,15
"2024-12-10","NS",0.0258272086247983,0
"2024-12-17","TS.LKD",0.185627685485174,16
"2024-12-17","LVZS",0.0982430329374377,8
"2024-12-17","LSDP",0.19514182547293,17
"2024-12-17","LRLS",0.110030607424457,10
"2024-12-17","DP",0.0249036825236781,0
"2024-12-17","LP",0.0341694132470686,0
"2024-12-17","LLRA.KSS",0.0281922571415473,0
"2024-12-17","VL",0.0870285002493064,8
"2024-12-17","NA.",0.12147712908064,11
"2024-12-17","NS",0.0281858664377615,0
"2024-12-24","TS.LKD",0.186386490628323,16
"2024-12-24","LVZS",0.098261314726771,9
"2024-12-24","LSDP",0.194712291016076,17
"2024-12-24","LRLS",0.110373893102399,10
"2024-12-24","DP",0.0247906255100376,0
"2024-12-24","LP",0.0339957575719583,0
"2024-12-24","LLRA.KSS",0.0284320198597559,0
"2024-12-24","VL",0.0885721506513138,8
"2024-12-24","NA.",0.119367898075032,10
"2024-12-24","NS",0.0281075588583329,0
"2024-12-31","TS.LKD",0.187040823342632,16
"2024-12-31","LVZS",0.0986185670533258,9
"2024-12-31","LSDP",0.194395759327236,17
"2024-12-31","LRLS",0.11075227058553,10
"2024-12-31","DP",0.0248687805545173,0
"2024-12-31","LP",0.0339547561659234,0
"2024-12-31","LLRA.KSS",0.0286725031153977,0
"2024-12-31","VL",0.0897718817711834,8
"2024-12-31","NA.",0.116901402495492,10
"2024-12-31","NS",0.0280232555887633,0
"2025-01-07","TS.LKD",0.188221589580961,16
"2025-01-07","LVZS",0.0991326946265661,9
"2025-01-07","LSDP",0.193962960216608,17
"2025-01-07","LRLS",0.111260488218144,10
"2025-01-07","DP",0.0250929141486961,0
"2025-01-07","LP",0.0338504803658029,0
"2025-01-07","LLRA.KSS",0.0288826180087808,0
"2025-01-07","VL",0.0911055154228484,8
"2025-01-07","NA.",0.11359370997166,10
"2025-01-07","NS",0.0278970294399328,0
"2025-01-14","TS.LKD",0.189119708736814,16
"2025-01-14","LVZS",0.0995946151278014,9
"2025-01-14","LSDP",0.1941604141132,17
"2025-01-14","LRLS",0.111890212120293,10
"2025-01-14","DP",0.0251145446070375,0
"2025-01-14","LP",0.0337869326712173,0
"2025-01-14","LLRA.KSS",0.029150913157823,0
"2025-01-14","VL",0.0922146342396064,8
"2025-01-14","NA.",0.110196968120267,10
"2025-01-14","NS",0.0277710571059403,0
"2025-01-21","TS.LKD",0.190021477834163,17
"2025-01-21","LVZS",0.100142326147352,9
"2025-01-21","LSDP",0.194238821306875,17
"2025-01-21","LRLS",0.112392915912137,10
"2025-01-21","DP",0.0252822129251139,0
"2025-01-21","LP",0.0337808396934648,0
"2025-01-21","LLRA.KSS",0.029351994500704,0
"2025-01-21","VL",0.0934118747428422,8
"2025-01-21","NA.",0.106656855624858,9
"2025-01-21","NS",0.0277206813124893,0
"2025-01-28","TS.LKD",0.191041415974851,17
"2025-01-28","LVZS",0.100610488837928,9
"2025-01-28","LSDP",0.194314869221765,17
"2025-01-28","LRLS",0.112995254170018,10
"2025-01-28","DP",0.0252861309357651,0
"2025-01-28","LP",0.0338252887608772,0
"2025-01-28","LLRA.KSS",0.029795030618328,0
"2025-01-28","VL",0.0941933079686069,8
"2025-01-28","NA.",0.103202101444897,9
"2025-01-28","NS",0.0277361120669641,0
"2025-02-04","TS.LKD",0.192275217152021,17
"2025-02-04","LVZS",0.101066240442827,9
"2025-02-04","LSDP",0.19438730972721,17
"2025-02-04","LRLS",0.113652072518125,10
"2025-02-04","DP",0.025186654929378,0
"2025-02-04","LP",0.0338934867513455,0
"2025-02-04","LLRA.KSS",0.0301775228095137,0
"2025-02-04","VL",0.0947658282520421,8
"2025-02-04","NA.",0.0998747450904215,9
"2025-02-04","NS",0.0277209223271152,0
"2025-02-12","TS.LKD",0.193703496699496,17
"2025-02-12","LVZS",0.101491990547125,9
"2025-02-12","LSDP",0.194204682868651,17
"2025-02-12","LRLS",0.11399442002129,10
"2025-02-12","DP",0.025118253569693,0
"2025-02-12","LP",0.0340496117403542,0
"2025-02-12","LLRA.KSS",0.0306360779501706,0
"2025-02-12","VL",0.0952385993321076,8
"2025-02-12","NA.",0.0969311736639479,9
"2025-02-12","NS",0.0276316936071642,0
"2025-02-19","TS.LKD",0.19493033972737,17
"2025-02-19","LVZS",0.101948029873547,9
"2025-02-19","LSDP",0.19420994688259,17
"2025-02-19","LRLS",0.11456048818754,10
"2025-02-19","DP",0.0251639167209025,0
"2025-02-19","LP",0.0340633944886211,0
"2025-02-19","LLRA.KSS",0.0311793738368054,0
"2025-02-19","VL",0.0952077434221238,9
"2025-02-19","NA.",0.0942260883235592,8
"2025-02-19","NS",0.0275106785369407,0
"2025-02-26","TS.LKD",0.196417307544735,17
"2025-02-26","LVZS",0.102316126117959,9
"2025-02-26","LSDP",0.194431400778059,17
"2025-02-26","LRLS",0.115079609138121,10
"2025-02-26","DP",0.0252014739760538,0
"2025-02-26","LP",0.0341378551787597,0
"2025-02-26","LLRA.KSS",0.0316633316111434,0
"2025-02-26","VL",0.0947297360880103,9
"2025-02-26","NA.",0.091667038576445,8
"2025-02-26","NS",0.0273561209907136,0
"2025-03-05","TS.LKD",0.19745581342246,18
"2025-03-05","LVZS",0.102575538600114,9
"2025-03-05","LSDP",0.194429366811889,17
"2025-03-05","LRLS",0.115624820527055,10
"2025-03-05","DP",0.0253001029057779,0
"2025-03-05","LP",0.0342835711493451,0
"2025-03-05","LLRA.KSS",0.0321720021351762,0
"2025-03-05","VL",0.094614613598054,8
"2025-03-05","NA.",0.0893650434589975,8
"2025-03-05","NS",0.0271791273911317,0
"2025-03-12","TS.LKD",0.198807219942756,18
"2025-03-12","LVZS",0.103066724722309,9
"2025-03-12","LSDP",0.194426028777802,17
"2025-03-12","LRLS",0.116165093484337,10
"2025-03-12","DP",0.0253825854223384,0
"2025-03-12","LP",0.0344276043262068,0
"2025-03-12","LLRA.KSS",0.0326529548000576,0
"2025-03-12","VL",0.0943546705718753,8
"2025-03-12","NA.",0.0866996097585306,8
"2025-03-12","NS",0.0270175081937871,0
"2025-03-19","TS.LKD",0.199998830925712,18
"2025-03-19","LVZS",0.103563387850045,9
"2025-03-19","LSDP",0.194835564619022,17
"2025-03-19","LRLS",0.116728636211258,10
"2025-03-19","DP",0.0253549753513935,0
"2025-03-19","LP",0.034705996763414,0
"2025-03-19","LLRA.KSS",0.033188416527523,0
"2025-03-19","VL",0.0938215793367593,8
"2025-03-19","NA.",0.0838746735791962,8
"2025-03-19","NS",0.0269279388356777,0
"2025-03-26","TS.LKD",0.201348691911246,18
"2025-03-26","LVZS",0.103968008735173,9
"2025-03-26","LSDP",0.194871837841103,17
"2025-03-26","LRLS",0.117458558697353,11
"2025-03-26","DP",0.0253132461330311,0
"2025-03-26","LP",0.0348212479296824,0
"2025-03-26","LLRA.KSS",0.0338246910221371,0
"2025-03-26","VL",0.0935877485164616,8
"2025-03-26","NA.",0.0810599521066972,7
"2025-03-26","NS",0.0267460171071161,0
"2025-04-02","TS.LKD",0.202918676126118,18
"2025-04-02","LVZS",0.104451748769691,9
"2025-04-02","LSDP",0.194643187174954,17
"2025-04-02","LRLS",0.118035821182805,11
"2025-04-02","DP",0.0253551332382607,0
"2025-04-02","LP",0.034874996095413,0
"2025-04-02","LLRA.KSS",0.034413998617842,0
"2025-04-02","VL",0.0933374641961978,8
"2025-04-02","NA.",0.0783064452057339,7
"2025-04-02","NS",0.0266625293929855,0
"2025-04-09","TS.LKD",0.2040989268329,18
"2025-04-09","LVZS",0.104763447359734,9
"2025-04-09","LSDP",0.194507831447931,17
"2025-04-09","LRLS",0.118451756135659,11
"2025-04-09","DP",0.0253367910083487,0
"2025-04-09","LP",0.034984669395949,0
"2025-04-09","LLRA.KSS",0.0350155112490761,0
"2025-04-09","VL",0.0931438208936325,8
"2025-04-09","NA.",0.0761137350386217,7
"2025-04-09","NS",0.026583510638148,0
"2025-04-16","TS.LKD",0.205379658022839,18
"2025-04-16","LVZS",0.105304900042867,9
"2025-04-16","LSDP",0.193689280594492,17
"2025-04-16","LRLS",0.11890361242014,11
"2025-04-16","DP",0.0254194834660433,0
"2025-04-16","LP",0.0351507030072206,0
"2025-04-16","LLRA.KSS",0.0355698900587084,0
"2025-04-16","VL",0.0932078132795079,8
"2025-04-16","NA.",0.0739059391698202,7
"2025-04-16","NS",0.0264687199383613,0
"2025-04-23","TS.LKD",0.206744449186253,18
"2025-04-23","LVZS",0.105646728706691,9
"2025-04-23","LSDP",0.192889384640316,17
"2025-04-23","LRLS",0.119251756679728,11
"2025-04-23","DP",0.0253709132020243,0
"2025-04-23","LP",0.0352811560857438,0
"2025-04-23","LLRA.KSS",0.0359664827648236,0
"2025-04-23","VL",0.0934252156217155,8
"2025-04-23","NA.",0.0720262169201266,7
"2025-04-23","NS",0.0263976961925772,0
"2025-04-30","TS.LKD",0.207921381359816,19
"2025-04-30","LVZS",0.106046385409012,9
"2025-04-30","LSDP",0.192390230075596,17
"2025-04-30","LRLS",0.119918010894132,11
"2025-04-30","DP",0.0252818682007456,0
"2025-04-30","LP",0.0354326331766933,0
"2025-04-30","LLRA.KSS",0.0365211434018653,0
"2025-04-30","VL",0.0932558273084406,8
"2025-04-30","NA.",0.0699506292099523,6
"2025-04-30","NS",0.0262818909637466,0
"2025-05-07","TS.LKD",0.209216686366188,19
"2025-05-07","LVZS",0.106228344868957,9
"2025-05-07","LSDP",0.191668113361,17
"2025-05-07","LRLS",0.120574986362612,11
"2025-05-07","DP",0.025313211280571,0
"2025-05-07","LP",0.0356474242514177,0
"2025-05-07","LLRA.KSS",0.0369940774394616,0
"2025-05-07","VL",0.0933126836013133,8
"2025-05-07","NA.",0.0677392685038061,6
"2025-05-07","NS",0.0263052039646739,0
"2025-05-15","TS.LKD",0.210591406345164,19
"2025-05-15","LVZS",0.106666952111865,9
"2025-05-15","LSDP",0.191223263550931,17
"2025-05-15","LRLS",0.121154335886327,11
"2025-05-15","DP",0.0252695546548624,0
"2025-05-15","LP",0.035821077778402,0
"2025-05-15","LLRA.KSS",0.0374015550916692,0
"2025-05-15","VL",0.0928050123452018,8
"2025-05-15","NA.",0.0657465297048842,6
"2025-05-15","NS",0.0263203125306947,0
"2025-05-22","TS.LKD",0.21196257679225,19
"2025-05-22","LVZS",0.107179960088162,9
"2025-05-22","LSDP",0.190901754247554,17
"2025-05-22","LRLS",0.121795825665859,11
"2025-05-22","DP",0.0251767437600611,0
"2025-05-22","LP",0.0360867692864199,0
"2025-05-22","LLRA.KSS",0.0378897164215788,0
"2025-05-22","VL",0.0918645202668861,8
"2025-05-22","NA.",0.0637976371214072,6
"2025-05-22","NS",0.0263444963498215,0
"2025-05-29","TS.LKD",0.213344569551452,19
"2025-05-29","LVZS",0.107538442325863,9
"2025-05-29","LSDP",0.189767472790557,17
"2025-05-29","LRLS",0.1223448849741,11
"2025-05-29","DP",0.0251752113653229,0
"2025-05-29","LP",0.0363384758574896,0
"2025-05-29","LLRA.KSS",0.0382868816217856,0
"2025-05-29","VL",0.090773441709409,8
"2025-05-29","NA.",0.0630730114091154,6
"2025-05-29","NS",0.0263576083949056,0
"2025-06-05","TS.LKD",0.21458806999898,19
"2025-06-05","LVZS",0.107887368894353,10
"2025-06-05","LSDP",0.188673175062105,17
"2025-06-05","LRLS",0.122752787618757,11
"2025-06-05","DP",0.0251317125769681,0
"2025-06-05","LP",0.0366301236713069,0
"2025-06-05","LLRA.KSS",0.0388252935819433,0
"2025-06-05","VL",0.089530193711685,8
"2025-06-05","NA.",0.0626083211392232,5
"2025-06-05","NS",0.0263729537446786,0
"2025-06-12","TS.LKD",0.21571030979819,19
"2025-06-12","LVZS",0.108249458085232,10
"2025-06-12","LSDP",0.187282242382297,17
"2025-06-12","LRLS",0.123286630751155,11
"2025-06-12","DP",0.025021248194121,0
"2025-06-12","LP",0.0369181106344786,0
"2025-06-12","LLRA.KSS",0.0392401815015494,0
"2025-06-12","VL",0.0885080671310519,8
"2025-06-12","NA.",0.0624156624328079,5
"2025-06-12","NS",0.0263680890891171,0
"2025-06-19","TS.LKD",0.216416452943672,19
"2025-06-19","LVZS",0.10858489594327,10
"2025-06-19","LSDP",0.185851886031618,16
"2025-06-19","LRLS",0.123664512864053,11
"2025-06-19","DP",0.0249528024607947,0
"2025-06-19","LP",0.0371048011679267,0
"2025-06-19","LLRA.KSS",0.03954481219135,0
"2025-06-19","VL",0.0880644558590871,8
"2025-06-19","NA.",0.0625816014021856,6
"2025-06-19","NS",0.0262337791360429,0
"2025-06-26","TS.LKD",0.217239048754807,19
"2025-06-26","LVZS",0.108852157707459,10
"2025-06-26","LSDP",0.184768087814722,16
"2025-06-26","LRLS",0.123938692376217,11
"2025-06-26","DP",0.024832419073825,0
"2025-06-26","LP",0.037358143093432,0
"2025-06-26","LLRA.KSS",0.0395869789407001,0
"2025-06-26","VL",0.0877385215511887,8
"2025-06-26","NA.",0.0624569250034954,6
"2025-06-26","NS",0.0262290256841538,0
"2025-07-03","TS.LKD",0.218350912187743,19
"2025-07-03","LVZS",0.109173305704043,10
"2025-07-03","LSDP",0.183438990334313,16
"2025-07-03","LRLS",0.12408983426179,11
"2025-07-03","DP",0.0245576689680541,0
"2025-07-03","LP",0.0376394346801671,0
"2025-07-03","LLRA.KSS",0.0396923749530663,0
"2025-07-03","VL",0.0871300666790753,8
"2025-07-03","NA.",0.0627755289502039,6
"2025-07-03","NS",0.0261518832815437,0
"2025-07-10","TS.LKD",0.219189983570159,19
"2025-07-10","LVZS",0.109316131091165,10
"2025-07-10","LSDP",0.182038414140465,16
"2025-07-10","LRLS",0.124090903563899,11
"2025-07-10","DP",0.0244523977082814,0
"2025-07-10","LP",0.0378509856577509,0
"2025-07-10","LLRA.KSS",0.0396997335688893,0
"2025-07-10","VL",0.0866850364806713,8
"2025-07-10","NA.",0.0635163085194083,6
"2025-07-10","NS",0.0261601056993111,0
"2025-07-17","TS.LKD",0.220374003565342,20
"2025-07-17","LVZS",0.109471852314234,10
"2025-07-17","LSDP",0.180426276065813,16
"2025-07-17","LRLS",0.12415605227909,11
"2025-07-17","DP",0.0243325764226033,0
"2025-07-17","LP",0.038079948541601,0
"2025-07-17","LLRA.KSS",0.0396711379668478,0
"2025-07-17","VL",0.0855319404170809,7
"2025-07-17","NA.",0.0647399980227472,6
"2025-07-17","NS",0.0262162144046408,0
"2025-07-24","TS.LKD",0.221137655814117,20
"2025-07-24","LVZS",0.109531888299649,10
"2025-07-24","LSDP",0.179097204786167,16
"2025-07-24","LRLS",0.123986197261851,11
"2025-07-24","DP",0.0242333797224325,0
"2025-07-24","LP",0.038279237023214,0
"2025-07-24","LLRA.KSS",0.0396884536084996,0
"2025-07-24","VL",0.0846992534008452,7
"2025-07-24","NA.",0.0661572889734147,6
"2025-07-24","NS",0.0261894411098104,0
"2025-07-31","TS.LKD",0.221846568485598,20
"2025-07-31","LVZS",0.109718347101352,10
"2025-07-31","LSDP",0.177895458942454,16
"2025-07-31","LRLS",0.123774543730973,11
"2025-07-31","DP",0.0240688102957794,0
"2025-07-31","LP",0.0383149043471947,0
"2025-07-31","LLRA.KSS",0.0394708742346415,0
"2025-07-31","VL",0.0836697215564379,7
"2025-07-31","NA.",0.0679568248723053,6
"2025-07-31","NS",0.0262839464332628,0
"2025-08-07","TS.LKD",0.222312577579083,20
"2025-08-07","LVZS",0.109827018752256,10
"2025-08-07","LSDP",0.176501770622914,16
"2025-08-07","LRLS",0.123609554530744,11
"2025-08-07","DP",0.0239870146274037,0
"2025-08-07","LP",0.0383626924466215,0
"2025-08-07","LLRA.KSS",0.0392045672211552,0
"2025-08-07","VL",0.0828247542163184,7
"2025-08-07","NA.",0.0700811443086139,6
"2025-08-07","NS",0.0262889056948896,0
"2025-08-15","TS.LKD",0.223065235548035,20
"2025-08-15","LVZS",0.109961059489451,10
"2025-08-15","LSDP",0.174961321896842,16
"2025-08-15","LRLS",0.123158444173854,11
"2025-08-15","DP",0.0239076669743332,0
"2025-08-15","LP",0.0384108712314701,0
"2025-08-15","LLRA.KSS",0.0389513388617762,0
"2025-08-15","VL",0.081840221624199,7
"2025-08-15","NA.",0.0723818258034842,6
"2025-08-15","NS",0.026362014396555,0
"2025-08-22","TS.LKD",0.223837150576196,20
"2025-08-22","LVZS",0.109999062181842,10
"2025-08-22","LSDP",0.173600905336159,15
"2025-08-22","LRLS",0.122920531803283,11
"2025-08-22","DP",0.0237860535314805,0
"2025-08-22","LP",0.0383585997615459,0
"2025-08-22","LLRA.KSS",0.0384427055330008,0
"2025-08-22","VL",0.0807623413365208,7
"2025-08-22","NA.",0.0748733401075782,7
"2025-08-22","NS",0.0264193098323937,0
"2025-08-29","TS.LKD",0.224256729081404,20
"2025-08-29","LVZS",0.109945200050653,10
"2025-08-29","LSDP",0.172041366984054,15
"2025-08-29","LRLS",0.122556268700232,11
"2025-08-29","DP",0.0236944656263043,0
"2025-08-29","LP",0.0384110108979735,0
"2025-08-29","LLRA.KSS",0.0382059618801618,0
"2025-08-29","VL",0.0799703137126414,7
"2025-08-29","NA.",0.0773681591649087,7
"2025-08-29","NS",0.0265505239016665,0
"2025-09-05","TS.LKD",0.224931500303686,20
"2025-09-05","LVZS",0.109818869970534,10
"2025-09-05","LSDP",0.170171497948622,15
"2025-09-05","LRLS",0.122322764260575,11
"2025-09-05","DP",0.0235828514138467,0
"2025-09-05","LP",0.0384461496112499,0
"2025-09-05","LLRA.KSS",0.0380308966450957,0
"2025-09-05","VL",0.0796671542497081,7
"2025-09-05","NA.",0.0793832937551081,7
"2025-09-05","NS",0.0266450218415742,0
"2025-09-12","TS.LKD",0.225653828769978,20
"2025-09-12","LVZS",0.109832719898544,10
"2025-09-12","LSDP",0.168280909597586,15
"2025-09-12","LRLS",0.122177041218442,11
"2025-09-12","DP",0.0236024403634452,0
"2025-09-12","LP",0.0384362092394722,0
"2025-09-12","LLRA.KSS",0.0377164850663561,0
"2025-09-12","VL",0.0798185349614766,7
"2025-09-12","NA.",0.0807514989763691,7
"2025-09-12","NS",0.0267303319083306,0
"2025-09-19","TS.LKD",0.226340665994061,20
"2025-09-19","LVZS",0.10997953942269,10
"2025-09-19","LSDP",0.16640961214016,15
"2025-09-19","LRLS",0.121978152228058,11
"2025-09-19","DP",0.0235541824706458,0
"2025-09-19","LP",0.0385043311451879,0
"2025-09-19","LLRA.KSS",0.0374431164822833,0
"2025-09-19","VL",0.0803871466972349,7
"2025-09-19","NA.",0.0815734806201263,7
"2025-09-19","NS",0.0268297727995526,0
"2025-09-26","TS.LKD",0.227282784078443,20
"2025-09-26","LVZS",0.104602745240077,9
"2025-09-26","LSDP",0.16514446308404,15
"2025-09-26","LRLS",0.122032635942907,11
"2025-09-26","DP",0.0236908858684188,0
"2025-09-26","LP",0.038457276401975,0
"2025-09-26","LLRA.KSS",0.035414826184043,0
"2025-09-26","VL",0.0875807328785997,8
"2025-09-26","NA.",0.0818507372537586,7
"2025-09-26","NS",0.0269429130677378,0
"2025-10-03","TS.LKD",0.227918479722673,20
"2025-10-03","LVZS",0.104995331674867,9
"2025-10-03","LSDP",0.163605687277422,15
"2025-10-03","LRLS",0.122150244002598,11
"2025-10-03","DP",0.0237198175256887,0
"2025-10-03","LP",0.038408615431524,0
"2025-10-03","LLRA.KSS",0.0350207215817641,0
"2025-10-03","VL",0.0885062042343003,8
"2025-10-03","NA.",0.0814607631181211,7
"2025-10-03","NS",0.0272141354310412,0
"2025-10-10","TS.LKD",0.228889565079668,20
"2025-10-10","LVZS",0.10512944706255,9
"2025-10-10","LSDP",0.161821653762533,15
"2025-10-10","LRLS",0.122389165111294,11
"2025-10-10","DP",0.0237274297078802,0
"2025-10-10","LP",0.0384549990261662,0
"2025-10-10","LLRA.KSS",0.0346366160503636,0
"2025-10-10","VL",0.0896643345951913,8
"2025-10-10","NA.",0.0807264524176982,7
"2025-10-10","NS",0.0275603371866558,0
"2025-10-17","TS.LKD",0.229635461249559,21
"2025-10-17","LVZS",0.105183162517289,9
"2025-10-17","LSDP",0.160407059853164,14
"2025-10-17","LRLS",0.122803520992962,11
"2025-10-17","DP",0.0239165295671605,0
"2025-10-17","LP",0.0384823988113222,0
"2025-10-17","LLRA.KSS",0.0344328942932943,0
"2025-10-17","VL",0.0906288451296259,8
"2025-10-17","NA.",0.0796018344323715,7
"2025-10-17","NS",0.0279082931532513,0
"2025-10-24","TS.LKD",0.23043981616414,21
"2025-10-24","LVZS",0.105604861195206,9
"2025-10-24","LSDP",0.158824545728064,14
"2025-10-24","LRLS",0.123038414918198,11
"2025-10-24","DP",0.0238845003780653,0
"2025-10-24","LP",0.0384517147784551,0
"2025-10-24","LLRA.KSS",0.0343068043480254,0
"2025-10-24","VL",0.0919510320293917,8
"2025-10-24","NA.",0.0782201868334079,7
"2025-10-24","NS",0.0282781236270462,0
"2025-10-31","TS.LKD",0.231478445131531,21
"2025-10-31","LVZS",0.105908362273693,9
"2025-10-31","LSDP",0.157351625911682,14
"2025-10-31","LRLS",0.123499496452331,11
"2025-10-31","DP",0.0241175262076047,0
"2025-10-31","LP",0.0384340314120623,0
"2025-10-31","LLRA.KSS",0.0341174753039662,0
"2025-10-31","VL",0.0927313602838681,8
"2025-10-31","NA.",0.0768073681334474,7
"2025-10-31","NS",0.0285543088898139,0
"2025-11-07","TS.LKD",0.2323708806094,21
"2025-11-07","LVZS",0.106244732777238,9
"2025-11-07","LSDP",0.156234375582169,14
"2025-11-07","LRLS",0.123954694346876,11
"2025-11-07","DP",0.0242769762691385,0
"2025-11-07","LP",0.0384369949971473,0
"2025-11-07","LLRA.KSS",0.03390364945807,0
"2025-11-07","VL",0.0932063534387845,8
"2025-11-07","NA.",0.0755402314543809,7
"2025-11-07","NS",0.0288311110667948,0
"2025-11-15","TS.LKD",0.233522680556763,21
"2025-11-15","LVZS",0.106435269905817,9
"2025-11-15","LSDP",0.154588774013063,14
"2025-11-15","LRLS",0.124229643813161,11
"2025-11-15","DP",0.024257217487226,0
"2025-11-15","LP",0.0384938172566876,0
"2025-11-15","LLRA.KSS",0.0335041765994175,0
"2025-11-15","VL",0.0937057254848851,8
"2025-11-15","NA.",0.075053288206075,7
"2025-11-15","NS",0.029209406676906,0
"2025-11-22","TS.LKD",0.234263474354413,21
"2025-11-22","LVZS",0.106549395478739,9
"2025-11-22","LSDP",0.153175255672082,14
"2025-11-22","LRLS",0.124782175631164,11
"2025-11-22","DP",0.0244590468883188,0
"2025-11-22","LP",0.0385691640650262,0
"2025-11-22","LLRA.KSS",0.0331350008298414,0
"2025-11-22","VL",0.093530868561245,8
"2025-11-22","NA.",0.0747963396736409,7
"2025-11-22","NS",0.0297392788455292,0
"2025-11-29","TS.LKD",0.234991951782669,21
"2025-11-29","LVZS",0.106854806428684,10
"2025-11-29","LSDP",0.151739508934575,13
"2025-11-29","LRLS",0.125367657064422,11
"2025-11-29","DP",0.0245822963990859,0
"2025-11-29","LP",0.0386078338568503,0
"2025-11-29","LLRA.KSS",0.0326045913048558,0
"2025-11-29","VL",0.0931051956338421,8
"2025-11-29","NA.",0.0749081901531506,7
"2025-11-29","NS",0.0302379684418646,0
"2025-12-06","TS.LKD",0.235767993764642,21
"2025-12-06","LVZS",0.10720737217468,10
"2025-12-06","LSDP",0.150082676946942,13
"2025-12-06","LRLS",0.125846568966968,11
"2025-12-06","DP",0.0248151967090034,0
"2025-12-06","LP",0.0386295240057571,0
"2025-12-06","LLRA.KSS",0.0323656764589294,0
"2025-12-06","VL",0.0917912889558039,8
"2025-12-06","NA.",0.0757447200361281,7
"2025-12-06","NS",0.030748981981147,0
"2025-12-13","TS.LKD",0.236514828302432,21
"2025-12-13","LVZS",0.107539952180983,10
"2025-12-13","LSDP",0.148893631058459,13
"2025-12-13","LRLS",0.126494511412241,11
"2025-12-13","DP",0.0250424842056365,0
"2025-12-13","LP",0.0384507640158791,0
"2025-12-13","LLRA.KSS",0.0321720070217771,0
"2025-12-13","VL",0.0901035411667706,8
"2025-12-13","NA.",0.0764189704291476,7
"2025-12-13","NS",0.0313693102066746,0
"2025-12-20","TS.LKD",0.237439761437672,21
"2025-12-20","LVZS",0.107749978805449,10
"2025-12-20","LSDP",0.147775558017879,13
"2025-12-20","LRLS",0.127209682773074,11
"2025-12-20","DP",0.0251685984402164,0
"2025-12-20","LP",0.0383213344783447,0
"2025-12-20","LLRA.KSS",0.0320364425183884,0
"2025-12-20","VL",0.0879068181515355,8
"2025-12-20","NA.",0.077409118107237,7
"2025-12-20","NS",0.0319827072702037,0
"2025-12-27","TS.LKD",0.238070324078213,21
"2025-12-27","LVZS",0.107785382521247,10
"2025-12-27","LSDP",0.147153637896564,13
"2025-12-27","LRLS",0.128083535408438,11
"2025-12-27","DP",0.0252587824332871,0
"2025-12-27","LP",0.0382085086102801,0
"2025-12-27","LLRA.KSS",0.03184895921797,0
"2025-12-27","VL",0.0855424922546779,8
"2025-12-27","NA.",0.0783023552051401,7
"2025-12-27","NS",0.0327460223741838,0
"2026-01-03","TS.LKD",0.238737436504153,21
"2026-01-03","LVZS",0.107816003899369,10
"2026-01-03","LSDP",0.146650046785667,13
"2026-01-03","LRLS",0.129038759104107,12
"2026-01-03","DP",0.0255053762060813,0
"2026-01-03","LP",0.0380808483086269,0
"2026-01-03","LLRA.KSS",0.0314949666445362,0
"2026-01-03","VL",0.0832075547121572,7
"2026-01-03","NA.",0.079048059137068,7
"2026-01-03","NS",0.0334209486982345,0
"2026-01-10","TS.LKD",0.239473756819608,21
"2026-01-10","LVZS",0.107998639086846,10
"2026-01-10","LSDP",0.14594544617071,13
"2026-01-10","LRLS",0.12993527767354,12
"2026-01-10","DP",0.0257602048575434,0
"2026-01-10","LP",0.038032900939148,0
"2026-01-10","LLRA.KSS",0.0312672479758381,0
"2026-01-10","VL",0.0806476209606224,7
"2026-01-10","NA.",0.0798350019661796,7
"2026-01-10","NS",0.0341039035499638,0
"2026-01-17","TS.LKD",0.240146249718445,21
"2026-01-17","LVZS",0.108249459625912,10
"2026-01-17","LSDP",0.145270479614642,13
"2026-01-17","LRLS",0.130846849554827,12
"2026-01-17","DP",0.0259726722099372,0
"2026-01-17","LP",0.0380102295339134,0
"2026-01-17","LLRA.KSS",0.0309965393753952,0
"2026-01-17","VL",0.077909432154676,7
"2026-01-17","NA.",0.0806342560460313,7
"2026-01-17","NS",0.0349638321662202,0
"2026-01-24","TS.LKD",0.240852937272733,21
"2026-01-24","LVZS",0.108643135345758,10
"2026-01-24","LSDP",0.144660730850521,13
"2026-01-24","LRLS",0.131657273940537,12
"2026-01-24","DP",0.0262707381382557,0
"2026-01-24","LP",0.038000935411302,0
"2026-01-24","LLRA.KSS",0.0308127552889636,0
"2026-01-24","VL",0.0747919187658474,7
"2026-01-24","NA.",0.0813941609952362,7
"2026-01-24","NS",0.0359154139908464,0
"2026-01-31","TS.LKD",0.241737923765197,22
"2026-01-31","LVZS",0.10895286350174,10
"2026-01-31","LSDP",0.143970320600852,13
"2026-01-31","LRLS",0.132696952255659,12
"2026-01-31","DP",0.026593276989876,0
"2026-01-31","LP",0.0379613746063447,0
"2026-01-31","LLRA.KSS",0.0305508678081746,0
"2026-01-31","VL",0.0718583771933968,6
"2026-01-31","NA.",0.0816901781508548,7
"2026-01-31","NS",0.0369878651279046,0
"2026-02-07","TS.LKD",0.242704576946254,22
"2026-02-07","LVZS",0.109063034220861,10
"2026-02-07","LSDP",0.143844104642074,13
"2026-02-07","LRLS",0.133783772933071,12
"2026-02-07","DP",0.0270181256976808,0
"2026-02-07","LP",0.0378466449146212,0
"2026-02-07","LLRA.KSS",0.030303294027652,0
"2026-02-07","VL",0.0686101043699101,6
"2026-02-07","NA.",0.0815412623778606,7
"2026-02-07","NS",0.038285079870016,0
"2026-02-15","TS.LKD",0.243803268685192,22
"2026-02-15","LVZS",0.109167064721505,10
"2026-02-15","LSDP",0.144078919094061,13
"2026-02-15","LRLS",0.134972216797469,12
"2026-02-15","DP",0.0273800490937317,0
"2026-02-15","LP",0.0376974007810101,0
"2026-02-15","LLRA.KSS",0.0302059563715459,0
"2026-02-15","VL",0.0652475422589484,6
"2026-02-15","NA.",0.0809909011363674,7
"2026-02-15","NS",0.0394566810601703,0
"2026-02-22","TS.LKD",0.244775671731158,22
"2026-02-22","LVZS",0.10934227805203,10
"2026-02-22","LSDP",0.143934576108421,13
"2026-02-22","LRLS",0.136061852076773,12
"2026-02-22","DP",0.02765688883245,0
"2026-02-22","LP",0.037546506507632,0
"2026-02-22","LLRA.KSS",0.0300419012873518,0
"2026-02-22","VL",0.0623760270977521,6
"2026-02-22","NA.",0.0805097146580522,7
"2026-02-22","NS",0.0407545836483799,0
"2026-03-01","TS.LKD",0.245843276762638,22
"2026-03-01","LVZS",0.109441667109984,10
"2026-03-01","LSDP",0.143907717561476,13
"2026-03-01","LRLS",0.136913029079229,12
"2026-03-01","DP",0.0280197466563803,0
"2026-03-01","LP",0.0373368968192304,0
"2026-03-01","LLRA.KSS",0.0297494192852244,0
"2026-03-01","VL",0.0595073848648701,6
"2026-03-01","NA.",0.0801361054537507,7
"2026-03-01","NS",0.0421447564072171,0
"2026-03-08","TS.LKD",0.246923397341857,22
"2026-03-08","LVZS",0.109481208999594,10
"2026-03-08","LSDP",0.143998232472144,13
"2026-03-08","LRLS",0.137819689932345,13
"2026-03-08","DP",0.0282903957352551,0
"2026-03-08","LP",0.0372314844162256,0
"2026-03-08","LLRA.KSS",0.029642212948553,0
"2026-03-08","VL",0.0564360232071588,5
"2026-03-08","NA.",0.0796702688344732,7
"2026-03-08","NS",0.0435070861123943,0
"2026-03-15","TS.LKD",0.247722576339931,22
"2026-03-15","LVZS",0.109382639288404,10
"2026-03-15","LSDP",0.144042587859852,13
"2026-03-15","LRLS",0.138636636005045,13
"2026-03-15","DP",0.0286440051710934,0
"2026-03-15","LP",0.0370912354322848,0
"2026-03-15","LLRA.KSS",0.029389989800731,0
"2026-03-15","VL",0.0539240613584479,5
"2026-03-15","NA.",0.079139600554916,7
"2026-03-15","NS",0.0450266681892956,0
"2026-03-22","TS.LKD",0.248388001964666,22
"2026-03-22","LVZS",0.109289248966123,10
"2026-03-22","LSDP",0.144263964020351,13
"2026-03-22","LRLS",0.139443383951198,13
"2026-03-22","DP",0.0289728343149059,0
"2026-03-22","LP",0.037029322838212,0
"2026-03-22","LLRA.KSS",0.0291553306221412,0
"2026-03-22","VL",0.0514605270681874,5
"2026-03-22","NA.",0.0785455029514135,7
"2026-03-22","NS",0.0464518833028024,0
"2026-03-29","TS.LKD",0.249152317819505,24
"2026-03-29","LVZS",0.10906815152577,11
"2026-03-29","LSDP",0.144484107794995,14
"2026-03-29","LRLS",0.140271155282229,14
"2026-03-29","DP",0.0291899843379659,0
"2026-03-29","LP",0.0369779907204102,0
"2026-03-29","LLRA.KSS",0.0289527009982207,0
"2026-03-29","VL",0.0490583262110751,0
"2026-03-29","NA.",0.0778475852704004,7
"2026-03-29","NS",0.047997680039428,0
"2026-04-05","TS.LKD",0.249946323803552,24
"2026-04-05","LVZS",0.108761845577251,11
"2026-04-05","LSDP",0.144430590394284,14
"2026-04-05","LRLS",0.141097650472481,14
"2026-04-05","DP",0.0293583698533041,0
"2026-04-05","LP",0.0368713581773427,0
"2026-04-05","LLRA.KSS",0.0287278515120193,0
"2026-04-05","VL",0.0467334802526946,0
"2026-04-05","NA.",0.0775644573038268,7
"2026-04-05","NS",0.0495080726532435,0
"2026-04-12","TS.LKD",0.25072444735424,23
"2026-04-12","LVZS",0.108514860841746,10
"2026-04-12","LSDP",0.14444237522498,13
"2026-04-12","LRLS",0.141839312217997,13
"2026-04-12","DP",0.0295263923488586,0
"2026-04-12","LP",0.0367925997642013,0
"2026-04-12","LLRA.KSS",0.0285055388280729,0
"2026-04-12","VL",0.044272015827217,0
"2026-04-12","NA.",0.0775007793717938,7
"2026-04-12","NS",0.0508816782208934,4
"2026-04-19","TS.LKD",0.25150522366526,22
"2026-04-19","LVZS",0.108102182576011,10
"2026-04-19","LSDP",0.144458464774374,13
"2026-04-19","LRLS",0.142351900683079,13
"2026-04-19","DP",0.0297465139105403,0
"2026-04-19","LP",0.036704302750169,0
"2026-04-19","LLRA.KSS",0.0281846174244613,0
"2026-04-19","VL",0.0419468257771798,0
"2026-04-19","NA.",0.0775561918041065,7
"2026-04-19","NS",0.0524437766348187,5
"2026-04-26","TS.LKD",0.251873266783156,22
"2026-04-26","LVZS",0.107716730126407,10
"2026-04-26","LSDP",0.144456336401571,13
"2026-04-26","LRLS",0.142787943757999,13
"2026-04-26","DP",0.0300780333613863,0
"2026-04-26","LP",0.0366614200138339,0
"2026-04-26","LLRA.KSS",0.0279592205728839,0
"2026-04-26","VL",0.0400109715167131,0
"2026-04-26","NA.",0.0775183366166119,7
"2026-04-26","NS",0.0539377408494372,5
"2026-05-03","TS.LKD",0.252128746228719,23
"2026-05-03","LVZS",0.107180635231811,9
"2026-05-03","LSDP",0.144823284930261,13
"2026-05-03","LRLS",0.143103149816434,13
"2026-05-03","DP",0.0301527146058063,0
"2026-05-03","LP",0.0364564044901657,0
"2026-05-03","LLRA.KSS",0.0276629019515273,0
"2026-05-03","VL",0.0384971242231185,0
"2026-05-03","NA.",0.0775294823655837,7
"2026-05-03","NS",0.0554655561565746,5
"2026-05-10","TS.LKD",0.252325389535238,23
"2026-05-10","LVZS",0.106725624957565,9
"2026-05-10","LSDP",0.144634477118846,13
"2026-05-10","LRLS",0.143429194831287,13
"2026-05-10","DP",0.0301629945298758,0
"2026-05-10","LP",0.0362673220579415,0
"2026-05-10","LLRA.KSS",0.0273180824402155,0
"2026-05-10","VL",0.0376216238472503,0
"2026-05-10","NA.",0.0776612105084449,7
"2026-05-10","NS",0.056854080173336,5
"2026-05-18","TS.LKD",0.252071031010864,23
"2026-05-18","LVZS",0.106255515922068,9
"2026-05-18","LSDP",0.144596520836274,13
"2026-05-18","LRLS",0.14373534869627,13
"2026-05-18","DP",0.0301659627941391,0
"2026-05-18","LP",0.0360918464333325,0
"2026-05-18","LLRA.KSS",0.0269772854427883,0
"2026-05-18","VL",0.0372681204606476,0
"2026-05-18","NA.",0.0774941299305593,7
"2026-05-18","NS",0.0583442384730578,5
"2026-05-25","TS.LKD",0.252155361993481,23
"2026-05-25","LVZS",0.10552759807073,9
"2026-05-25","LSDP",0.144447348162589,13
"2026-05-25","LRLS",0.143972228275852,13
"2026-05-25","DP",0.0300927648938741,0
"2026-05-25","LP",0.0358638819289485,0
"2026-05-25","LLRA.KSS",0.0266402304976332,0
"2026-05-25","VL",0.0371708405752922,0
"2026-05-25","NA.",0.0772625736672294,7
"2026-05-25","NS",0.059867171934371,5
"2026-06-01","TS.LKD",0.251790635243038,22
"2026-06-01","LVZS",0.104734140381623,9
"2026-06-01","LSDP",0.144990557878801,13
"2026-06-01","LRLS",0.143887448070939,13
"2026-06-01","DP",0.0300805443017502,0
"2026-06-01","LP",0.0357035117606214,0
"2026-06-01","LLRA.KSS",0.0263380714817282,0
"2026-06-01","VL",0.0374651075796412,0
"2026-06-01","NA.",0.0764677754756292,7
"2026-06-01","NS",0.0615422078262285,6
"2026-06-08","TS.LKD",0.251284366902582,22
"2026-06-08","LVZS",0.103896793332532,9
"2026-06-08","LSDP",0.1454121037349,13
"2026-06-08","LRLS",0.143905459297443,13
"2026-06-08","DP",0.0301884713642963,0
"2026-06-08","LP",0.0355139768294235,0
"2026-06-08","LLRA.KSS",0.025979609668218,0
"2026-06-08","VL",0.037938495669298,0
"2026-06-08","NA.",0.0759375582561318,7
"2026-06-08","NS",0.0629431649451756,6
"2026-06-15","TS.LKD",0.250651410407566,22
"2026-06-15","LVZS",0.10327739350408,9
"2026-06-15","LSDP",0.145259616913402,13
"2026-06-15","LRLS",0.143800503584931,13
"2026-06-15","DP",0.0300750152014797,0
"2026-06-15","LP",0.0353128982566454,0
"2026-06-15","LLRA.KSS",0.0256751330929596,0
"2026-06-15","VL",0.0384627914695831,0
"2026-06-15","NA.",0.0761716445683009,7
"2026-06-15","NS",0.0643135930010528,6
"2026-06-22","TS.LKD",0.249826657048668,22
"2026-06-22","LVZS",0.10215543715817,9
"2026-06-22","LSDP",0.14528962253453,13
"2026-06-22","LRLS",0.143467757067595,13
"2026-06-22","DP",0.0300255000276641,0
"2026-06-22","LP",0.0351990792921074,0
"2026-06-22","LLRA.KSS",0.0253983330626813,0
"2026-06-22","VL",0.0392873719978328,0
"2026-06-22","NA.",0.0765379663038655,7
"2026-06-22","NS",0.065812275506886,6
"2026-06-29","TS.LKD",0.249184994469369,22
"2026-06-29","LVZS",0.101091077784213,9
"2026-06-29","LSDP",0.14476273842925,13
"2026-06-29","LRLS",0.143074893008934,13
"2026-06-29","DP",0.0299099013228861,0
"2026-06-29","LP",0.0350003018498766,0
"2026-06-29","LLRA.KSS",0.0250045969173368,0
"2026-06-29","VL",0.0398757092825101,0
"2026-06-29","NA.",0.0778048571636428,7
"2026-06-29","NS",0.0672909297719811,6
"2026-07-06","TS.LKD",0.248370247910101,22
"2026-07-06","LVZS",0.100156024171209,9
"2026-07-06","LSDP",0.144190786568932,13
"2026-07-06","LRLS",0.142718061488029,13
"2026-07-06","DP",0.0298435589333988,0
"2026-07-06","LP",0.0348173664668547,0
"2026-07-06","LLRA.KSS",0.0246225884964235,0
"2026-07-06","VL",0.0403153443915923,0
"2026-07-06","NA.",0.0791379418102637,7
"2026-07-06","NS",0.0688280797631959,6
"2026-07-13","TS.LKD",0.247558049583148,22
"2026-07-13","LVZS",0.0990430954400766,9
"2026-07-13","LSDP",0.144062992933699,13
"2026-07-13","LRLS",0.142276893018198,13
"2026-07-13","DP",0.0298484523888488,0
"2026-07-13","LP",0.0346016742530335,0
"2026-07-13","LLRA.KSS",0.0242161892307564,0
"2026-07-13","VL",0.0409728716523413,0
"2026-07-13","NA.",0.0799838031164061,7
"2026-07-13","NS",0.0704359783834931,6
"2026-07-20","TS.LKD",0.245669212626953,22
"2026-07-20","LVZS",0.097823639773531,9
"2026-07-20","LSDP",0.143487458486218,13
"2026-07-20","LRLS",0.141328316518536,12
"2026-07-20","DP",0.0297012279648793,0
"2026-07-20","LP",0.0342732962830966,0
"2026-07-20","LLRA.KSS",0.023723465219502,0
"2026-07-20","VL",0.0380746063294886,0
"2026-07-20","NA.",0.0875487464248726,8
"2026-07-20","NS",0.0713700303729224,6
"2026-07-27","TS.LKD",0.244431559649272,22
"2026-07-27","LVZS",0.0971649104666148,9
"2026-07-27","LSDP",0.143585760323909,13
"2026-07-27","LRLS",0.140736056879754,12
"2026-07-27","DP",0.0295603767582298,0
"2026-07-27","LP",0.0339996188004651,0
"2026-07-27","LLRA.KSS",0.0234489896701895,0
"2026-07-27","VL",0.0383596389327172,0
"2026-07-27","NA.",0.0890023218678027,8
"2026-07-27","NS",0.0727107666510464,6
"2026-08-03","TS.LKD",0.243166845818281,22
"2026-08-03","LVZS",0.0962099652570394,8
"2026-08-03","LSDP",0.143448860846936,13
"2026-08-03","LRLS",0.140245156054825,12
"2026-08-03","DP",0.029375418840357,0
"2026-08-03","LP",0.0337819949989461,0
"2026-08-03","LLRA.KSS",0.02314965469148,0
"2026-08-03","VL",0.0386495052154233,0
"2026-08-03","NA.",0.0906627444613188,8
"2026-08-03","NS",0.0743098538153936,7
"2026-08-11","TS.LKD",0.24226610191433,22
"2026-08-11","LVZS",0.0951933036610187,8
"2026-08-11","LSDP",0.142913971635376,13
"2026-08-11","LRLS",0.139883080398836,12
"2026-08-11","DP",0.0295658357501909,0
"2026-08-11","LP",0.033499579327914,0
"2026-08-11","LLRA.KSS",0.0227957179781637,0
"2026-08-11","VL",0.0387278145355686,0
"2026-08-11","NA.",0.0921984856552592,8
"2026-08-11","NS",0.0759561091433426,7
